period,product_sku,company_variation_factor,product_seasonal_factor,product_variation_factor,unusual_event_factor,realization_factor,variation_type
2000-04,WIN-2436,1.0479,1.0200,0.9900,1.0000,1.0582,typical
2000-04,WIN-3648,1.0479,1.0100,1.0031,1.0000,1.0617,typical
2000-04,DOOR-3680,1.0479,1.0000,1.0047,1.0000,1.0529,typical
2000-05,WIN-2436,1.0702,1.0400,1.0055,1.0000,1.1191,typical
2000-05,WIN-3648,1.0702,1.0400,0.9987,1.0000,1.1115,typical
2000-05,DOOR-3680,1.0702,1.0100,0.9876,1.0000,1.0675,typical
2000-06,WIN-2436,0.9635,1.0500,0.9972,1.0000,1.0089,typical
2000-06,WIN-3648,0.9635,1.0600,0.9832,1.0000,1.0042,typical
2000-06,DOOR-3680,0.9635,1.0100,1.0185,1.0000,0.9911,typical
2000-07,WIN-2436,1.0116,1.0400,1.0154,1.0000,1.0683,typical
2000-07,WIN-3648,1.0116,1.0500,0.9930,1.0000,1.0547,typical
2000-07,DOOR-3680,1.0116,1.0000,0.9842,1.0000,0.9957,typical
2000-08,WIN-2436,1.0149,1.0200,1.0082,1.1800,1.2316,unusual
2000-08,WIN-3648,1.0149,1.0300,0.9921,1.1800,1.2237,unusual
2000-08,DOOR-3680,1.0149,1.0200,0.9889,1.1800,1.2081,unusual
2000-09,WIN-2436,0.9439,1.0000,1.0064,1.0000,0.9500,typical
2000-09,WIN-3648,0.9439,1.0100,0.9950,1.0000,0.9486,typical
2000-09,DOOR-3680,0.9439,1.0400,1.0152,1.0000,0.9966,typical
2000-10,WIN-2436,1.0200,0.9900,1.0128,1.1500,1.1762,unusual
2000-10,WIN-3648,1.0200,0.9900,1.0069,1.1500,1.1693,unusual
2000-10,DOOR-3680,1.0200,1.0500,0.9991,1.1500,1.2306,unusual
2000-11,WIN-2436,0.9721,0.9700,0.9850,1.0000,0.9288,typical
2000-11,WIN-3648,0.9721,0.9600,1.0115,1.0000,0.9440,typical
2000-11,DOOR-3680,0.9721,1.0200,1.0156,1.0000,1.0070,typical
2000-12,WIN-2436,1.0069,0.9500,1.0087,1.0000,0.9649,typical
2000-12,WIN-3648,1.0069,0.9400,1.0071,1.0000,0.9532,typical
2000-12,DOOR-3680,1.0069,0.9900,0.9974,1.0000,0.9943,typical
2001-01,WIN-2436,0.9754,0.9600,1.0190,1.0000,0.9542,typical
2001-01,WIN-3648,0.9754,0.9500,0.9972,1.0000,0.9240,typical
2001-01,DOOR-3680,0.9754,0.9800,0.9899,1.0000,0.9462,typical
2001-02,WIN-2436,1.0500,0.9700,0.9923,1.0000,1.0106,typical
2001-02,WIN-3648,1.0500,0.9600,1.0177,1.0000,1.0258,typical
2001-02,DOOR-3680,1.0500,0.9800,0.9970,1.0000,1.0258,typical
2001-03,WIN-2436,1.0548,0.9900,0.9920,1.0000,1.0359,typical
2001-03,WIN-3648,1.0548,0.9800,1.0175,1.0000,1.0517,typical
2001-03,DOOR-3680,1.0548,0.9900,1.0118,1.0000,1.0566,typical
2001-04,WIN-2436,0.9954,1.0200,0.9886,1.0000,1.0037,typical
2001-04,WIN-3648,0.9954,1.0100,0.9897,1.0000,0.9950,typical
2001-04,DOOR-3680,0.9954,1.0000,1.0190,1.0000,1.0144,typical
2001-05,WIN-2436,0.9406,1.0400,1.0002,1.0000,0.9784,typical
2001-05,WIN-3648,0.9406,1.0400,0.9870,1.0000,0.9655,typical
2001-05,DOOR-3680,0.9406,1.0100,1.0175,1.0000,0.9666,typical
2001-06,WIN-2436,1.0653,1.0500,0.9955,1.0000,1.1136,typical
2001-06,WIN-3648,1.0653,1.0600,1.0031,1.0000,1.1328,typical
2001-06,DOOR-3680,1.0653,1.0100,0.9816,1.0000,1.0562,typical
2001-07,WIN-2436,0.9570,1.0400,1.0038,1.0000,0.9991,typical
2001-07,WIN-3648,0.9570,1.0500,0.9950,1.0000,0.9999,typical
2001-07,DOOR-3680,0.9570,1.0000,1.0010,1.0000,0.9580,typical
2001-08,WIN-2436,0.9317,1.0200,0.9926,1.0000,0.9433,typical
2001-08,WIN-3648,0.9317,1.0300,0.9909,1.0000,0.9509,typical
2001-08,DOOR-3680,0.9317,1.0200,0.9898,1.0000,0.9407,typical
2001-09,WIN-2436,0.9237,1.0000,0.9945,1.0000,0.9186,typical
2001-09,WIN-3648,0.9237,1.0100,1.0010,1.0000,0.9339,typical
2001-09,DOOR-3680,0.9237,1.0400,1.0120,1.0000,0.9721,typical
2001-10,WIN-2436,0.9340,0.9900,1.0012,1.0000,0.9258,typical
2001-10,WIN-3648,0.9340,0.9900,1.0080,1.0000,0.9321,typical
2001-10,DOOR-3680,0.9340,1.0500,0.9939,1.0000,0.9747,typical
2001-11,WIN-2436,1.0457,0.9700,1.0121,1.0000,1.0266,typical
2001-11,WIN-3648,1.0457,0.9600,0.9897,1.0000,0.9935,typical
2001-11,DOOR-3680,1.0457,1.0200,0.9840,1.0000,1.0495,typical
2001-12,WIN-2436,0.9787,0.9500,1.0147,1.0000,0.9435,typical
2001-12,WIN-3648,0.9787,0.9400,0.9863,1.0000,0.9073,typical
2001-12,DOOR-3680,0.9787,0.9900,0.9969,1.0000,0.9659,typical
2002-01,WIN-2436,1.0370,0.9600,1.0073,1.0000,1.0028,typical
2002-01,WIN-3648,1.0370,0.9500,1.0191,1.0000,1.0040,typical
2002-01,DOOR-3680,1.0370,0.9800,0.9820,1.0000,0.9979,typical
2002-02,WIN-2436,1.0003,0.9700,0.9943,1.0000,0.9647,typical
2002-02,WIN-3648,1.0003,0.9600,1.0096,1.0000,0.9695,typical
2002-02,DOOR-3680,1.0003,0.9800,0.9804,1.0000,0.9610,typical
2002-03,WIN-2436,0.9188,0.9900,1.0134,1.0000,0.9218,typical
2002-03,WIN-3648,0.9188,0.9800,1.0019,1.0000,0.9022,typical
2002-03,DOOR-3680,0.9188,0.9900,1.0120,1.0000,0.9205,typical
2002-04,WIN-2436,1.0496,1.0200,0.9938,1.0000,1.0640,typical
2002-04,WIN-3648,1.0496,1.0100,0.9815,1.0000,1.0405,typical
2002-04,DOOR-3680,1.0496,1.0000,1.0013,1.0000,1.0510,typical
2002-05,WIN-2436,0.9854,1.0400,0.9989,1.0000,1.0236,typical
2002-05,WIN-3648,0.9854,1.0400,1.0108,1.0000,1.0358,typical
2002-05,DOOR-3680,0.9854,1.0100,0.9922,1.0000,0.9875,typical
2002-06,WIN-2436,0.9626,1.0500,1.0060,1.0000,1.0167,typical
2002-06,WIN-3648,0.9626,1.0600,1.0191,1.0000,1.0398,typical
2002-06,DOOR-3680,0.9626,1.0100,0.9840,1.0000,0.9567,typical
2002-07,WIN-2436,1.0777,1.0400,1.0085,1.0000,1.1303,typical
2002-07,WIN-3648,1.0777,1.0500,1.0014,1.0000,1.1331,typical
2002-07,DOOR-3680,1.0777,1.0000,0.9862,1.0000,1.0628,typical
2002-08,WIN-2436,1.0539,1.0200,0.9995,1.0000,1.0744,typical
2002-08,WIN-3648,1.0539,1.0300,0.9852,1.0000,1.0694,typical
2002-08,DOOR-3680,1.0539,1.0200,0.9827,1.0000,1.0564,typical
2002-09,WIN-2436,0.9241,1.0000,1.0063,1.0000,0.9299,typical
2002-09,WIN-3648,0.9241,1.0100,0.9908,1.0000,0.9248,typical
2002-09,DOOR-3680,0.9241,1.0400,0.9840,1.0000,0.9457,typical
2002-10,WIN-2436,0.9773,0.9900,1.0185,1.0000,0.9854,typical
2002-10,WIN-3648,0.9773,0.9900,0.9845,1.0000,0.9525,typical
2002-10,DOOR-3680,0.9773,1.0500,0.9848,1.0000,1.0106,typical
2002-11,WIN-2436,1.0008,0.9700,1.0071,1.0000,0.9777,typical
2002-11,WIN-3648,1.0008,0.9600,1.0099,1.0000,0.9703,typical
2002-11,DOOR-3680,1.0008,1.0200,1.0007,1.0000,1.0216,typical
2002-12,WIN-2436,0.9668,0.9500,0.9852,1.0000,0.9049,typical
2002-12,WIN-3648,0.9668,0.9400,1.0041,1.0000,0.9125,typical
2002-12,DOOR-3680,0.9668,0.9900,0.9874,1.0000,0.9451,typical
2003-01,WIN-2436,0.9906,0.9600,1.0138,1.0000,0.9642,typical
2003-01,WIN-3648,0.9906,0.9500,0.9862,1.0000,0.9281,typical
2003-01,DOOR-3680,0.9906,0.9800,1.0074,1.0000,0.9780,typical
2003-02,WIN-2436,1.0569,0.9700,0.9810,1.0000,1.0058,typical
2003-02,WIN-3648,1.0569,0.9600,0.9924,1.0000,1.0069,typical
2003-02,DOOR-3680,1.0569,0.9800,0.9926,1.0000,1.0281,typical
2003-03,WIN-2436,0.9638,0.9900,0.9917,1.0000,0.9462,typical
2003-03,WIN-3648,0.9638,0.9800,0.9859,1.0000,0.9312,typical
2003-03,DOOR-3680,0.9638,0.9900,0.9891,1.0000,0.9438,typical
2003-04,WIN-2436,0.9801,1.0200,1.0090,1.0000,1.0086,typical
2003-04,WIN-3648,0.9801,1.0100,1.0174,1.0000,1.0071,typical
2003-04,DOOR-3680,0.9801,1.0000,0.9850,1.0000,0.9653,typical
2003-05,WIN-2436,1.0327,1.0400,0.9864,1.0000,1.0593,typical
2003-05,WIN-3648,1.0327,1.0400,0.9903,1.0000,1.0635,typical
2003-05,DOOR-3680,1.0327,1.0100,0.9876,1.0000,1.0301,typical
2003-06,WIN-2436,1.0875,1.0500,1.0061,1.0000,1.1489,typical
2003-06,WIN-3648,1.0875,1.0600,1.0086,1.0000,1.1627,typical
2003-06,DOOR-3680,1.0875,1.0100,1.0149,1.0000,1.1148,typical
2003-07,WIN-2436,1.0139,1.0400,1.0045,1.0000,1.0592,typical
2003-07,WIN-3648,1.0139,1.0500,0.9911,1.0000,1.0552,typical
2003-07,DOOR-3680,1.0139,1.0000,0.9843,1.0000,0.9980,typical
2003-08,WIN-2436,1.0023,1.0200,1.0126,1.0000,1.0353,typical
2003-08,WIN-3648,1.0023,1.0300,0.9996,1.0000,1.0320,typical
2003-08,DOOR-3680,1.0023,1.0200,0.9988,1.0000,1.0212,typical
2003-09,WIN-2436,0.9740,1.0000,0.9946,1.0000,0.9687,typical
2003-09,WIN-3648,0.9740,1.0100,0.9824,1.0000,0.9664,typical
2003-09,DOOR-3680,0.9740,1.0400,1.0150,1.0000,1.0281,typical
2003-10,WIN-2436,0.9943,0.9900,1.0115,0.8500,0.8463,unusual
2003-10,WIN-3648,0.9943,0.9900,0.9808,0.8500,0.8207,unusual
2003-10,DOOR-3680,0.9943,1.0500,1.0102,0.8500,0.8965,unusual
2003-11,WIN-2436,0.9442,0.9700,0.9857,0.8500,0.7674,unusual
2003-11,WIN-3648,0.9442,0.9600,0.9845,0.8500,0.7585,unusual
2003-11,DOOR-3680,0.9442,1.0200,1.0073,0.8500,0.8246,unusual
2003-12,WIN-2436,1.0645,0.9500,1.0170,1.0000,1.0285,typical
2003-12,WIN-3648,1.0645,0.9400,1.0186,1.0000,1.0193,typical
2003-12,DOOR-3680,1.0645,0.9900,1.0096,1.0000,1.0640,typical
2004-01,WIN-2436,0.9514,0.9600,1.0156,1.0000,0.9276,typical
2004-01,WIN-3648,0.9514,0.9500,0.9940,1.0000,0.8984,typical
2004-01,DOOR-3680,0.9514,0.9800,0.9971,1.0000,0.9297,typical
2004-02,WIN-2436,1.0072,0.9700,0.9977,1.0000,0.9747,typical
2004-02,WIN-3648,1.0072,0.9600,0.9865,1.0000,0.9539,typical
2004-02,DOOR-3680,1.0072,0.9800,0.9954,1.0000,0.9826,typical
2004-03,WIN-2436,1.0150,0.9900,0.9989,1.0000,1.0037,typical
2004-03,WIN-3648,1.0150,0.9800,0.9823,1.0000,0.9770,typical
2004-03,DOOR-3680,1.0150,0.9900,0.9998,1.0000,1.0046,typical
2004-04,WIN-2436,0.9908,1.0200,0.9890,1.0000,0.9995,typical
2004-04,WIN-3648,0.9908,1.0100,0.9851,1.0000,0.9858,typical
2004-04,DOOR-3680,0.9908,1.0000,1.0077,1.0000,0.9984,typical
2004-05,WIN-2436,0.9878,1.0400,0.9860,1.0000,1.0129,typical
2004-05,WIN-3648,0.9878,1.0400,0.9840,1.0000,1.0109,typical
2004-05,DOOR-3680,0.9878,1.0100,1.0177,1.0000,1.0154,typical
2004-06,WIN-2436,0.9914,1.0500,0.9993,1.0000,1.0401,typical
2004-06,WIN-3648,0.9914,1.0600,0.9888,1.0000,1.0391,typical
2004-06,DOOR-3680,0.9914,1.0100,0.9887,1.0000,0.9899,typical
2004-07,WIN-2436,1.0028,1.0400,1.0027,1.0000,1.0457,typical
2004-07,WIN-3648,1.0028,1.0500,0.9820,1.0000,1.0340,typical
2004-07,DOOR-3680,1.0028,1.0000,0.9800,1.0000,0.9828,typical
2004-08,WIN-2436,0.9618,1.0200,0.9882,1.0000,0.9694,typical
2004-08,WIN-3648,0.9618,1.0300,0.9927,1.0000,0.9834,typical
2004-08,DOOR-3680,0.9618,1.0200,1.0110,1.0000,0.9918,typical
2004-09,WIN-2436,0.9255,1.0000,0.9914,1.0000,0.9175,typical
2004-09,WIN-3648,0.9255,1.0100,0.9982,1.0000,0.9330,typical
2004-09,DOOR-3680,0.9255,1.0400,0.9943,1.0000,0.9570,typical
2004-10,WIN-2436,0.9936,0.9900,0.9958,1.0000,0.9795,typical
2004-10,WIN-3648,0.9936,0.9900,1.0017,1.0000,0.9853,typical
2004-10,DOOR-3680,0.9936,1.0500,0.9869,1.0000,1.0296,typical
2004-11,WIN-2436,1.0541,0.9700,0.9829,1.0000,1.0050,typical
2004-11,WIN-3648,1.0541,0.9600,1.0145,1.0000,1.0266,typical
2004-11,DOOR-3680,1.0541,1.0200,0.9887,1.0000,1.0630,typical
2004-12,WIN-2436,0.9672,0.9500,1.0169,1.0000,0.9343,typical
2004-12,WIN-3648,0.9672,0.9400,0.9839,1.0000,0.8945,typical
2004-12,DOOR-3680,0.9672,0.9900,1.0148,1.0000,0.9717,typical
2005-01,WIN-2436,0.9937,0.9600,0.9909,1.0000,0.9453,typical
2005-01,WIN-3648,0.9937,0.9500,0.9984,1.0000,0.9425,typical
2005-01,DOOR-3680,0.9937,0.9800,1.0197,1.0000,0.9930,typical
2005-02,WIN-2436,1.0164,0.9700,0.9990,1.0000,0.9850,typical
2005-02,WIN-3648,1.0164,0.9600,0.9915,1.0000,0.9674,typical
2005-02,DOOR-3680,1.0164,0.9800,0.9937,1.0000,0.9899,typical
2005-03,WIN-2436,0.9981,0.9900,0.9858,1.0000,0.9740,typical
2005-03,WIN-3648,0.9981,0.9800,0.9933,1.0000,0.9716,typical
2005-03,DOOR-3680,0.9981,0.9900,0.9834,1.0000,0.9717,typical
2005-04,WIN-2436,0.9708,1.0200,1.0144,1.0000,1.0045,typical
2005-04,WIN-3648,0.9708,1.0100,0.9911,1.0000,0.9718,typical
2005-04,DOOR-3680,0.9708,1.0000,1.0188,1.0000,0.9891,typical
2005-05,WIN-2436,0.9946,1.0400,0.9860,1.0000,1.0199,typical
2005-05,WIN-3648,0.9946,1.0400,0.9937,1.0000,1.0279,typical
2005-05,DOOR-3680,0.9946,1.0100,1.0118,1.0000,1.0164,typical
2005-06,WIN-2436,0.9600,1.0500,1.0072,1.0000,1.0152,typical
2005-06,WIN-3648,0.9600,1.0600,0.9928,1.0000,1.0102,typical
2005-06,DOOR-3680,0.9600,1.0100,0.9982,1.0000,0.9678,typical
2005-07,WIN-2436,1.0092,1.0400,1.0010,1.0000,1.0506,typical
2005-07,WIN-3648,1.0092,1.0500,0.9842,1.0000,1.0428,typical
2005-07,DOOR-3680,1.0092,1.0000,0.9927,1.0000,1.0018,typical
2005-08,WIN-2436,1.0081,1.0200,1.0013,1.0000,1.0296,typical
2005-08,WIN-3648,1.0081,1.0300,0.9902,1.0000,1.0282,typical
2005-08,DOOR-3680,1.0081,1.0200,0.9834,1.0000,1.0112,typical
2005-09,WIN-2436,1.0076,1.0000,0.9917,1.0000,0.9993,typical
2005-09,WIN-3648,1.0076,1.0100,0.9855,1.0000,1.0029,typical
2005-09,DOOR-3680,1.0076,1.0400,0.9991,1.0000,1.0470,typical
2005-10,WIN-2436,1.0535,0.9900,0.9910,1.0000,1.0336,typical
2005-10,WIN-3648,1.0535,0.9900,1.0188,1.0000,1.0626,typical
2005-10,DOOR-3680,1.0535,1.0500,1.0059,1.0000,1.1127,typical
2005-11,WIN-2436,0.9936,0.9700,1.0185,1.0000,0.9816,typical
2005-11,WIN-3648,0.9936,0.9600,0.9847,1.0000,0.9392,typical
2005-11,DOOR-3680,0.9936,1.0200,1.0043,1.0000,1.0178,typical
2005-12,WIN-2436,1.0380,0.9500,0.9967,1.0000,0.9828,typical
2005-12,WIN-3648,1.0380,0.9400,1.0075,1.0000,0.9830,typical
2005-12,DOOR-3680,1.0380,0.9900,1.0034,1.0000,1.0311,typical
2006-01,WIN-2436,0.9883,0.9600,0.9948,1.0000,0.9438,typical
2006-01,WIN-3648,0.9883,0.9500,1.0155,1.0000,0.9534,typical
2006-01,DOOR-3680,0.9883,0.9800,1.0050,1.0000,0.9734,typical
2006-02,WIN-2436,0.9999,0.9700,1.0005,1.0000,0.9705,typical
2006-02,WIN-3648,0.9999,0.9600,1.0052,1.0000,0.9649,typical
2006-02,DOOR-3680,0.9999,0.9800,0.9958,1.0000,0.9759,typical
2006-03,WIN-2436,0.9869,0.9900,0.9898,1.0000,0.9671,typical
2006-03,WIN-3648,0.9869,0.9800,1.0100,1.0000,0.9768,typical
2006-03,DOOR-3680,0.9869,0.9900,1.0132,1.0000,0.9900,typical
2006-04,WIN-2436,1.0218,1.0200,1.0149,1.0000,1.0578,typical
2006-04,WIN-3648,1.0218,1.0100,1.0066,1.0000,1.0389,typical
2006-04,DOOR-3680,1.0218,1.0000,0.9971,1.0000,1.0189,typical
2006-05,WIN-2436,1.0042,1.0400,1.0011,1.0000,1.0454,typical
2006-05,WIN-3648,1.0042,1.0400,1.0088,1.0000,1.0535,typical
2006-05,DOOR-3680,1.0042,1.0100,1.0030,1.0000,1.0172,typical
2006-06,WIN-2436,0.9197,1.0500,1.0062,1.0000,0.9717,typical
2006-06,WIN-3648,0.9197,1.0600,0.9935,1.0000,0.9686,typical
2006-06,DOOR-3680,0.9197,1.0100,1.0192,1.0000,0.9468,typical
2006-07,WIN-2436,1.0081,1.0400,1.0084,1.0000,1.0573,typical
2006-07,WIN-3648,1.0081,1.0500,0.9815,1.0000,1.0389,typical
2006-07,DOOR-3680,1.0081,1.0000,1.0190,1.0000,1.0273,typical
2006-08,WIN-2436,0.9986,1.0200,0.9873,1.0000,1.0055,typical
2006-08,WIN-3648,0.9986,1.0300,0.9805,1.0000,1.0085,typical
2006-08,DOOR-3680,0.9986,1.0200,1.0001,1.0000,1.0186,typical
2006-09,WIN-2436,0.9162,1.0000,1.0067,1.0000,0.9223,typical
2006-09,WIN-3648,0.9162,1.0100,1.0152,1.0000,0.9395,typical
2006-09,DOOR-3680,0.9162,1.0400,0.9981,1.0000,0.9510,typical
2006-10,WIN-2436,1.0196,0.9900,0.9826,1.0000,0.9918,typical
2006-10,WIN-3648,1.0196,0.9900,0.9824,1.0000,0.9917,typical
2006-10,DOOR-3680,1.0196,1.0500,0.9923,1.0000,1.0624,typical
2006-11,WIN-2436,1.0876,0.9700,0.9990,1.1500,1.2119,unusual
2006-11,WIN-3648,1.0876,0.9600,1.0181,1.1500,1.2224,unusual
2006-11,DOOR-3680,1.0876,1.0200,0.9914,1.1500,1.2500,unusual
2006-12,WIN-2436,1.0097,0.9500,0.9897,1.0000,0.9493,typical
2006-12,WIN-3648,1.0097,0.9400,1.0014,1.0000,0.9505,typical
2006-12,DOOR-3680,1.0097,0.9900,0.9938,1.0000,0.9934,typical
2007-01,WIN-2436,0.9551,0.9600,1.0081,0.8200,0.7579,unusual
2007-01,WIN-3648,0.9551,0.9500,0.9976,0.8200,0.7500,unusual
2007-01,DOOR-3680,0.9551,0.9800,1.0199,0.8200,0.7828,unusual
2007-02,WIN-2436,0.9398,0.9700,0.9874,1.0000,0.9001,typical
2007-02,WIN-3648,0.9398,0.9600,0.9907,1.0000,0.8938,typical
2007-02,DOOR-3680,0.9398,0.9800,0.9939,1.0000,0.9154,typical
2007-03,WIN-2436,1.0079,0.9900,1.0144,1.0000,1.0122,typical
2007-03,WIN-3648,1.0079,0.9800,0.9962,1.0000,0.9840,typical
2007-03,DOOR-3680,1.0079,0.9900,0.9806,1.0000,0.9785,typical
2007-04,WIN-2436,1.0760,1.0200,1.0065,1.0000,1.1047,typical
2007-04,WIN-3648,1.0760,1.0100,1.0167,1.0000,1.1049,typical
2007-04,DOOR-3680,1.0760,1.0000,0.9849,1.0000,1.0598,typical
2007-05,WIN-2436,1.0039,1.0400,0.9936,1.0000,1.0374,typical
2007-05,WIN-3648,1.0039,1.0400,0.9818,1.0000,1.0250,typical
2007-05,DOOR-3680,1.0039,1.0100,0.9817,1.0000,0.9953,typical
2007-06,WIN-2436,1.0464,1.0500,0.9971,1.0000,1.0955,typical
2007-06,WIN-3648,1.0464,1.0600,0.9925,1.0000,1.1008,typical
2007-06,DOOR-3680,1.0464,1.0100,1.0175,1.0000,1.0753,typical
2007-07,WIN-2436,1.0019,1.0400,1.0111,1.0000,1.0536,typical
2007-07,WIN-3648,1.0019,1.0500,1.0149,1.0000,1.0677,typical
2007-07,DOOR-3680,1.0019,1.0000,0.9892,1.0000,0.9911,typical
2007-08,WIN-2436,0.9928,1.0200,1.0102,1.0000,1.0230,typical
2007-08,WIN-3648,0.9928,1.0300,0.9981,1.0000,1.0206,typical
2007-08,DOOR-3680,0.9928,1.0200,0.9971,1.0000,1.0097,typical
2007-09,WIN-2436,1.0483,1.0000,1.0056,1.0000,1.0542,typical
2007-09,WIN-3648,1.0483,1.0100,1.0072,1.0000,1.0664,typical
2007-09,DOOR-3680,1.0483,1.0400,1.0110,1.0000,1.1022,typical
2007-10,WIN-2436,0.9978,0.9900,0.9951,1.0000,0.9830,typical
2007-10,WIN-3648,0.9978,0.9900,1.0164,1.0000,1.0040,typical
2007-10,DOOR-3680,0.9978,1.0500,0.9906,1.0000,1.0378,typical
2007-11,WIN-2436,0.9275,0.9700,0.9892,1.0000,0.8899,typical
2007-11,WIN-3648,0.9275,0.9600,1.0185,1.0000,0.9069,typical
2007-11,DOOR-3680,0.9275,1.0200,1.0152,1.0000,0.9604,typical
2007-12,WIN-2436,1.0165,0.9500,1.0150,1.0000,0.9801,typical
2007-12,WIN-3648,1.0165,0.9400,1.0140,1.0000,0.9689,typical
2007-12,DOOR-3680,1.0165,0.9900,1.0100,1.0000,1.0164,typical
2008-01,WIN-2436,0.9908,0.9600,1.0029,1.0000,0.9539,typical
2008-01,WIN-3648,0.9908,0.9500,0.9938,1.0000,0.9354,typical
2008-01,DOOR-3680,0.9908,0.9800,0.9822,1.0000,0.9536,typical
2008-02,WIN-2436,1.0082,0.9700,1.0140,1.0000,0.9917,typical
2008-02,WIN-3648,1.0082,0.9600,1.0181,1.0000,0.9854,typical
2008-02,DOOR-3680,1.0082,0.9800,1.0156,1.0000,1.0035,typical
2008-03,WIN-2436,0.9399,0.9900,1.0146,1.0000,0.9441,typical
2008-03,WIN-3648,0.9399,0.9800,0.9802,1.0000,0.9029,typical
2008-03,DOOR-3680,0.9399,0.9900,0.9916,1.0000,0.9226,typical
2008-04,WIN-2436,1.0325,1.0200,1.0028,1.0000,1.0560,typical
2008-04,WIN-3648,1.0325,1.0100,1.0167,1.0000,1.0602,typical
2008-04,DOOR-3680,1.0325,1.0000,1.0166,1.0000,1.0496,typical
2008-05,WIN-2436,0.9941,1.0400,1.0188,1.0000,1.0533,typical
2008-05,WIN-3648,0.9941,1.0400,1.0107,1.0000,1.0449,typical
2008-05,DOOR-3680,0.9941,1.0100,1.0162,1.0000,1.0203,typical
2008-06,WIN-2436,1.0645,1.0500,1.0063,1.0000,1.1247,typical
2008-06,WIN-3648,1.0645,1.0600,1.0060,1.0000,1.1352,typical
2008-06,DOOR-3680,1.0645,1.0100,0.9991,1.0000,1.0742,typical
2008-07,WIN-2436,0.9515,1.0400,1.0070,1.0000,0.9964,typical
2008-07,WIN-3648,0.9515,1.0500,0.9887,1.0000,0.9877,typical
2008-07,DOOR-3680,0.9515,1.0000,1.0156,1.0000,0.9663,typical
2008-08,WIN-2436,0.9914,1.0200,0.9915,1.0000,1.0026,typical
2008-08,WIN-3648,0.9914,1.0300,1.0088,1.0000,1.0301,typical
2008-08,DOOR-3680,0.9914,1.0200,1.0142,1.0000,1.0256,typical
2008-09,WIN-2436,1.0266,1.0000,0.9943,1.0000,1.0208,typical
2008-09,WIN-3648,1.0266,1.0100,1.0178,1.0000,1.0553,typical
2008-09,DOOR-3680,1.0266,1.0400,0.9895,1.0000,1.0565,typical
2008-10,WIN-2436,1.0216,0.9900,1.0083,1.0000,1.0198,typical
2008-10,WIN-3648,1.0216,0.9900,1.0034,1.0000,1.0148,typical
2008-10,DOOR-3680,1.0216,1.0500,1.0162,1.0000,1.0901,typical
2008-11,WIN-2436,1.0345,0.9700,0.9876,1.0000,0.9910,typical
2008-11,WIN-3648,1.0345,0.9600,1.0167,1.0000,1.0097,typical
2008-11,DOOR-3680,1.0345,1.0200,1.0063,1.0000,1.0617,typical
2008-12,WIN-2436,0.9809,0.9500,1.0134,1.0000,0.9443,typical
2008-12,WIN-3648,0.9809,0.9400,0.9839,1.0000,0.9072,typical
2008-12,DOOR-3680,0.9809,0.9900,1.0021,1.0000,0.9731,typical
2009-01,WIN-2436,0.9071,0.9600,1.0142,1.0000,0.8832,typical
2009-01,WIN-3648,0.9071,0.9500,1.0081,1.0000,0.8687,typical
2009-01,DOOR-3680,0.9071,0.9800,1.0078,1.0000,0.8959,typical
2009-02,WIN-2436,1.0014,0.9700,1.0124,1.0000,0.9834,typical
2009-02,WIN-3648,1.0014,0.9600,0.9948,1.0000,0.9563,typical
2009-02,DOOR-3680,1.0014,0.9800,0.9881,1.0000,0.9697,typical
2009-03,WIN-2436,1.0736,0.9900,0.9949,1.0000,1.0575,typical
2009-03,WIN-3648,1.0736,0.9800,1.0094,1.0000,1.0620,typical
2009-03,DOOR-3680,1.0736,0.9900,1.0132,1.0000,1.0769,typical
2009-04,WIN-2436,0.9911,1.0200,1.0063,1.0000,1.0172,typical
2009-04,WIN-3648,0.9911,1.0100,1.0007,1.0000,1.0017,typical
2009-04,DOOR-3680,0.9911,1.0000,0.9925,1.0000,0.9836,typical
2009-05,WIN-2436,0.9639,1.0400,0.9922,1.0000,0.9947,typical
2009-05,WIN-3648,0.9639,1.0400,0.9838,1.0000,0.9862,typical
2009-05,DOOR-3680,0.9639,1.0100,0.9815,1.0000,0.9556,typical
2009-06,WIN-2436,0.9433,1.0500,1.0115,1.0000,1.0018,typical
2009-06,WIN-3648,0.9433,1.0600,1.0075,1.0000,1.0074,typical
2009-06,DOOR-3680,0.9433,1.0100,0.9802,1.0000,0.9338,typical
2009-07,WIN-2436,1.0305,1.0400,1.0026,1.0000,1.0745,typical
2009-07,WIN-3648,1.0305,1.0500,1.0117,1.0000,1.0947,typical
2009-07,DOOR-3680,1.0305,1.0000,1.0100,1.0000,1.0408,typical
2009-08,WIN-2436,1.0311,1.0200,1.0036,1.0000,1.0555,typical
2009-08,WIN-3648,1.0311,1.0300,0.9805,1.0000,1.0413,typical
2009-08,DOOR-3680,1.0311,1.0200,1.0031,1.0000,1.0549,typical
2009-09,WIN-2436,1.0178,1.0000,0.9991,1.0000,1.0169,typical
2009-09,WIN-3648,1.0178,1.0100,1.0005,1.0000,1.0284,typical
2009-09,DOOR-3680,1.0178,1.0400,0.9852,1.0000,1.0428,typical
2009-10,WIN-2436,0.9309,0.9900,0.9855,1.0000,0.9083,typical
2009-10,WIN-3648,0.9309,0.9900,0.9863,1.0000,0.9090,typical
2009-10,DOOR-3680,0.9309,1.0500,1.0053,1.0000,0.9827,typical
2009-11,WIN-2436,1.0197,0.9700,1.0041,1.0000,0.9932,typical
2009-11,WIN-3648,1.0197,0.9600,1.0130,1.0000,0.9916,typical
2009-11,DOOR-3680,1.0197,1.0200,0.9833,1.0000,1.0228,typical
2009-12,WIN-2436,1.0558,0.9500,0.9856,1.0000,0.9886,typical
2009-12,WIN-3648,1.0558,0.9400,0.9911,1.0000,0.9837,typical
2009-12,DOOR-3680,1.0558,0.9900,0.9889,1.0000,1.0336,typical
2010-01,WIN-2436,0.9842,0.9600,1.0080,1.0000,0.9524,typical
2010-01,WIN-3648,0.9842,0.9500,0.9839,1.0000,0.9200,typical
2010-01,DOOR-3680,0.9842,0.9800,0.9927,1.0000,0.9575,typical
2010-02,WIN-2436,0.9479,0.9700,0.9973,1.0000,0.9170,typical
2010-02,WIN-3648,0.9479,0.9600,0.9908,1.0000,0.9015,typical
2010-02,DOOR-3680,0.9479,0.9800,0.9973,1.0000,0.9264,typical
2010-03,WIN-2436,1.0328,0.9900,1.0184,1.0000,1.0413,typical
2010-03,WIN-3648,1.0328,0.9800,1.0054,1.0000,1.0175,typical
2010-03,DOOR-3680,1.0328,0.9900,0.9954,1.0000,1.0177,typical
2010-04,WIN-2436,1.0154,1.0200,1.0057,1.0000,1.0417,typical
2010-04,WIN-3648,1.0154,1.0100,1.0158,1.0000,1.0418,typical
2010-04,DOOR-3680,1.0154,1.0000,1.0174,1.0000,1.0331,typical
2010-05,WIN-2436,1.0212,1.0400,1.0143,1.0000,1.0772,typical
2010-05,WIN-3648,1.0212,1.0400,1.0178,1.0000,1.0809,typical
2010-05,DOOR-3680,1.0212,1.0100,1.0103,1.0000,1.0420,typical
2010-06,WIN-2436,1.0240,1.0500,0.9997,1.0000,1.0749,typical
2010-06,WIN-3648,1.0240,1.0600,1.0107,1.0000,1.0970,typical
2010-06,DOOR-3680,1.0240,1.0100,0.9883,1.0000,1.0221,typical
2010-07,WIN-2436,1.0007,1.0400,0.9935,1.1500,1.1891,unusual
2010-07,WIN-3648,1.0007,1.0500,0.9838,1.1500,1.1888,unusual
2010-07,DOOR-3680,1.0007,1.0000,1.0135,1.1500,1.1664,unusual
2010-08,WIN-2436,0.9339,1.0200,0.9866,1.0000,0.9398,typical
2010-08,WIN-3648,0.9339,1.0300,0.9821,1.0000,0.9447,typical
2010-08,DOOR-3680,0.9339,1.0200,0.9904,1.0000,0.9434,typical
2010-09,WIN-2436,1.0191,1.0000,1.0197,1.0000,1.0392,typical
2010-09,WIN-3648,1.0191,1.0100,1.0168,1.0000,1.0465,typical
2010-09,DOOR-3680,1.0191,1.0400,1.0010,1.0000,1.0610,typical
2010-10,WIN-2436,1.0153,0.9900,0.9831,1.0000,0.9882,typical
2010-10,WIN-3648,1.0153,0.9900,1.0000,1.0000,1.0051,typical
2010-10,DOOR-3680,1.0153,1.0500,1.0177,1.0000,1.0850,typical
2010-11,WIN-2436,1.0311,0.9700,1.0111,0.8500,0.8596,unusual
2010-11,WIN-3648,1.0311,0.9600,0.9975,0.8500,0.8393,unusual
2010-11,DOOR-3680,1.0311,1.0200,1.0041,0.8500,0.8976,unusual
2010-12,WIN-2436,1.0653,0.9500,0.9852,1.0000,0.9971,typical
2010-12,WIN-3648,1.0653,0.9400,0.9841,1.0000,0.9854,typical
2010-12,DOOR-3680,1.0653,0.9900,0.9833,1.0000,1.0371,typical
2011-01,WIN-2436,1.0424,0.9600,0.9805,1.0000,0.9812,typical
2011-01,WIN-3648,1.0424,0.9500,0.9841,1.0000,0.9745,typical
2011-01,DOOR-3680,1.0424,0.9800,0.9821,1.0000,1.0032,typical
2011-02,WIN-2436,1.0521,0.9700,0.9906,1.0000,1.0109,typical
2011-02,WIN-3648,1.0521,0.9600,1.0099,1.0000,1.0199,typical
2011-02,DOOR-3680,1.0521,0.9800,0.9807,1.0000,1.0112,typical
2011-03,WIN-2436,1.0861,0.9900,1.0039,1.0000,1.0795,typical
2011-03,WIN-3648,1.0861,0.9800,1.0169,1.0000,1.0824,typical
2011-03,DOOR-3680,1.0861,0.9900,1.0098,1.0000,1.0858,typical
2011-04,WIN-2436,0.9179,1.0200,1.0122,1.0000,0.9477,typical
2011-04,WIN-3648,0.9179,1.0100,1.0155,1.0000,0.9414,typical
2011-04,DOOR-3680,0.9179,1.0000,1.0081,1.0000,0.9253,typical
2011-05,WIN-2436,1.0205,1.0400,0.9973,1.0000,1.0585,typical
2011-05,WIN-3648,1.0205,1.0400,0.9830,1.0000,1.0433,typical
2011-05,DOOR-3680,1.0205,1.0100,1.0044,1.0000,1.0352,typical
2011-06,WIN-2436,1.0117,1.0500,0.9813,1.0000,1.0424,typical
2011-06,WIN-3648,1.0117,1.0600,1.0052,1.0000,1.0779,typical
2011-06,DOOR-3680,1.0117,1.0100,1.0102,1.0000,1.0322,typical
2011-07,WIN-2436,1.0212,1.0400,1.0114,1.0000,1.0742,typical
2011-07,WIN-3648,1.0212,1.0500,0.9867,1.0000,1.0580,typical
2011-07,DOOR-3680,1.0212,1.0000,0.9855,1.0000,1.0064,typical
2011-08,WIN-2436,0.9319,1.0200,1.0183,1.0000,0.9680,typical
2011-08,WIN-3648,0.9319,1.0300,1.0026,1.0000,0.9624,typical
2011-08,DOOR-3680,0.9319,1.0200,1.0024,1.0000,0.9529,typical
2011-09,WIN-2436,0.9834,1.0000,0.9932,1.0000,0.9767,typical
2011-09,WIN-3648,0.9834,1.0100,1.0111,1.0000,1.0043,typical
2011-09,DOOR-3680,0.9834,1.0400,1.0084,1.0000,1.0313,typical
2011-10,WIN-2436,0.9780,0.9900,1.0015,1.0000,0.9697,typical
2011-10,WIN-3648,0.9780,0.9900,0.9915,1.0000,0.9600,typical
2011-10,DOOR-3680,0.9780,1.0500,1.0154,1.0000,1.0427,typical
2011-11,WIN-2436,1.0655,0.9700,1.0173,1.0000,1.0514,typical
2011-11,WIN-3648,1.0655,0.9600,1.0101,1.0000,1.0333,typical
2011-11,DOOR-3680,1.0655,1.0200,1.0016,1.0000,1.0886,typical
2011-12,WIN-2436,1.0570,0.9500,0.9953,1.0000,0.9994,typical
2011-12,WIN-3648,1.0570,0.9400,0.9921,1.0000,0.9857,typical
2011-12,DOOR-3680,1.0570,0.9900,0.9960,1.0000,1.0422,typical
2012-01,WIN-2436,1.0605,0.9600,1.0053,1.0000,1.0235,typical
2012-01,WIN-3648,1.0605,0.9500,0.9961,1.0000,1.0036,typical
2012-01,DOOR-3680,1.0605,0.9800,1.0053,1.0000,1.0449,typical
2012-02,WIN-2436,1.0077,0.9700,0.9946,1.0000,0.9722,typical
2012-02,WIN-3648,1.0077,0.9600,0.9882,1.0000,0.9560,typical
2012-02,DOOR-3680,1.0077,0.9800,1.0076,1.0000,0.9951,typical
2012-03,WIN-2436,1.0317,0.9900,1.0124,1.0000,1.0340,typical
2012-03,WIN-3648,1.0317,0.9800,1.0043,1.0000,1.0155,typical
2012-03,DOOR-3680,1.0317,0.9900,0.9801,1.0000,1.0011,typical
2012-04,WIN-2436,1.0336,1.0200,1.0068,1.0000,1.0615,typical
2012-04,WIN-3648,1.0336,1.0100,0.9951,1.0000,1.0389,typical
2012-04,DOOR-3680,1.0336,1.0000,0.9914,1.0000,1.0247,typical
2012-05,WIN-2436,1.0624,1.0400,1.0128,1.0000,1.1191,typical
2012-05,WIN-3648,1.0624,1.0400,0.9805,1.0000,1.0833,typical
2012-05,DOOR-3680,1.0624,1.0100,1.0072,1.0000,1.0808,typical
2012-06,WIN-2436,1.0677,1.0500,0.9923,1.0000,1.1125,typical
2012-06,WIN-3648,1.0677,1.0600,1.0116,1.0000,1.1449,typical
2012-06,DOOR-3680,1.0677,1.0100,0.9807,1.0000,1.0576,typical
2012-07,WIN-2436,0.9366,1.0400,0.9929,0.8500,0.8221,unusual
2012-07,WIN-3648,0.9366,1.0500,1.0096,0.8500,0.8439,unusual
2012-07,DOOR-3680,0.9366,1.0000,1.0127,0.8500,0.8062,unusual
2012-08,WIN-2436,1.0602,1.0200,0.9907,1.0000,1.0714,typical
2012-08,WIN-3648,1.0602,1.0300,1.0198,1.0000,1.1136,typical
2012-08,DOOR-3680,1.0602,1.0200,1.0177,1.0000,1.1006,typical
2012-09,WIN-2436,0.9609,1.0000,1.0009,1.0000,0.9617,typical
2012-09,WIN-3648,0.9609,1.0100,1.0198,1.0000,0.9897,typical
2012-09,DOOR-3680,0.9609,1.0400,0.9812,1.0000,0.9805,typical
2012-10,WIN-2436,0.9940,0.9900,1.0039,1.0000,0.9879,typical
2012-10,WIN-3648,0.9940,0.9900,1.0013,1.0000,0.9853,typical
2012-10,DOOR-3680,0.9940,1.0500,1.0198,1.0000,1.0643,typical
2012-11,WIN-2436,0.9691,0.9700,1.0162,1.0000,0.9552,typical
2012-11,WIN-3648,0.9691,0.9600,1.0077,1.0000,0.9375,typical
2012-11,DOOR-3680,0.9691,1.0200,1.0130,1.0000,1.0013,typical
2012-12,WIN-2436,0.9727,0.9500,1.0032,1.0000,0.9271,typical
2012-12,WIN-3648,0.9727,0.9400,1.0053,1.0000,0.9192,typical
2012-12,DOOR-3680,0.9727,0.9900,0.9915,1.0000,0.9548,typical
2013-01,WIN-2436,0.9180,0.9600,1.0019,1.0000,0.8829,typical
2013-01,WIN-3648,0.9180,0.9500,1.0127,1.0000,0.8832,typical
2013-01,DOOR-3680,0.9180,0.9800,0.9999,1.0000,0.8995,typical
2013-02,WIN-2436,1.0326,0.9700,0.9905,1.0000,0.9921,typical
2013-02,WIN-3648,1.0326,0.9600,0.9811,1.0000,0.9725,typical
2013-02,DOOR-3680,1.0326,0.9800,0.9978,1.0000,1.0097,typical
2013-03,WIN-2436,1.0891,0.9900,0.9875,1.0000,1.0647,typical
2013-03,WIN-3648,1.0891,0.9800,1.0116,1.0000,1.0797,typical
2013-03,DOOR-3680,1.0891,0.9900,1.0075,1.0000,1.0863,typical
2013-04,WIN-2436,1.0768,1.0200,1.0057,1.0000,1.1045,typical
2013-04,WIN-3648,1.0768,1.0100,1.0104,1.0000,1.0988,typical
2013-04,DOOR-3680,1.0768,1.0000,1.0095,1.0000,1.0870,typical
2013-05,WIN-2436,0.9664,1.0400,0.9968,1.0000,1.0019,typical
2013-05,WIN-3648,0.9664,1.0400,0.9853,1.0000,0.9903,typical
2013-05,DOOR-3680,0.9664,1.0100,1.0004,1.0000,0.9764,typical
2013-06,WIN-2436,1.0375,1.0500,0.9905,1.0000,1.0790,typical
2013-06,WIN-3648,1.0375,1.0600,1.0194,1.0000,1.1211,typical
2013-06,DOOR-3680,1.0375,1.0100,0.9862,1.0000,1.0333,typical
2013-07,WIN-2436,0.9622,1.0400,1.0106,1.0000,1.0113,typical
2013-07,WIN-3648,0.9622,1.0500,0.9895,1.0000,0.9997,typical
2013-07,DOOR-3680,0.9622,1.0000,0.9996,1.0000,0.9618,typical
2013-08,WIN-2436,1.0512,1.0200,1.0034,1.0000,1.0759,typical
2013-08,WIN-3648,1.0512,1.0300,0.9816,1.0000,1.0628,typical
2013-08,DOOR-3680,1.0512,1.0200,0.9815,1.0000,1.0524,typical
2013-09,WIN-2436,0.9857,1.0000,0.9938,1.0000,0.9796,typical
2013-09,WIN-3648,0.9857,1.0100,1.0060,1.0000,1.0015,typical
2013-09,DOOR-3680,0.9857,1.0400,1.0101,1.0000,1.0354,typical
2013-10,WIN-2436,0.9037,0.9900,0.9864,1.0000,0.8825,typical
2013-10,WIN-3648,0.9037,0.9900,0.9977,1.0000,0.8926,typical
2013-10,DOOR-3680,0.9037,1.0500,0.9953,1.0000,0.9444,typical
2013-11,WIN-2436,0.9539,0.9700,0.9972,1.0000,0.9227,typical
2013-11,WIN-3648,0.9539,0.9600,0.9904,1.0000,0.9070,typical
2013-11,DOOR-3680,0.9539,1.0200,1.0107,1.0000,0.9834,typical
2013-12,WIN-2436,0.9381,0.9500,1.0171,1.0000,0.9064,typical
2013-12,WIN-3648,0.9381,0.9400,0.9839,1.0000,0.8675,typical
2013-12,DOOR-3680,0.9381,0.9900,0.9838,1.0000,0.9137,typical
2014-01,WIN-2436,0.9835,0.9600,1.0021,1.0000,0.9462,typical
2014-01,WIN-3648,0.9835,0.9500,1.0029,1.0000,0.9371,typical
2014-01,DOOR-3680,0.9835,0.9800,0.9959,1.0000,0.9599,typical
2014-02,WIN-2436,1.0511,0.9700,0.9934,1.0000,1.0129,typical
2014-02,WIN-3648,1.0511,0.9600,1.0139,1.0000,1.0231,typical
2014-02,DOOR-3680,1.0511,0.9800,0.9967,1.0000,1.0267,typical
2014-03,WIN-2436,1.0461,0.9900,1.0129,1.0000,1.0491,typical
2014-03,WIN-3648,1.0461,0.9800,0.9830,1.0000,1.0078,typical
2014-03,DOOR-3680,1.0461,0.9900,0.9864,1.0000,1.0216,typical
2014-04,WIN-2436,1.0032,1.0200,0.9835,1.0000,1.0064,typical
2014-04,WIN-3648,1.0032,1.0100,0.9883,1.0000,1.0014,typical
2014-04,DOOR-3680,1.0032,1.0000,1.0012,1.0000,1.0044,typical
2014-05,WIN-2436,0.9218,1.0400,1.0036,1.0000,0.9621,typical
2014-05,WIN-3648,0.9218,1.0400,0.9848,1.0000,0.9440,typical
2014-05,DOOR-3680,0.9218,1.0100,0.9993,1.0000,0.9303,typical
2014-06,WIN-2436,0.9713,1.0500,0.9939,1.0000,1.0136,typical
2014-06,WIN-3648,0.9713,1.0600,0.9964,1.0000,1.0258,typical
2014-06,DOOR-3680,0.9713,1.0100,1.0116,1.0000,0.9924,typical
2014-07,WIN-2436,0.9677,1.0400,0.9912,1.0000,0.9975,typical
2014-07,WIN-3648,0.9677,1.0500,1.0169,1.0000,1.0332,typical
2014-07,DOOR-3680,0.9677,1.0000,0.9938,1.0000,0.9617,typical
2014-08,WIN-2436,0.9418,1.0200,0.9958,1.0000,0.9566,typical
2014-08,WIN-3648,0.9418,1.0300,1.0123,1.0000,0.9820,typical
2014-08,DOOR-3680,0.9418,1.0200,0.9806,1.0000,0.9420,typical
2014-09,WIN-2436,0.9484,1.0000,1.0068,1.0000,0.9549,typical
2014-09,WIN-3648,0.9484,1.0100,1.0014,1.0000,0.9592,typical
2014-09,DOOR-3680,0.9484,1.0400,1.0035,1.0000,0.9899,typical
2014-10,WIN-2436,1.0188,0.9900,0.9994,1.0000,1.0081,typical
2014-10,WIN-3648,1.0188,0.9900,1.0120,1.0000,1.0207,typical
2014-10,DOOR-3680,1.0188,1.0500,0.9913,1.0000,1.0605,typical
2014-11,WIN-2436,0.9493,0.9700,1.0164,1.0000,0.9360,typical
2014-11,WIN-3648,0.9493,0.9600,0.9941,1.0000,0.9060,typical
2014-11,DOOR-3680,0.9493,1.0200,1.0129,1.0000,0.9808,typical
2014-12,WIN-2436,0.9460,0.9500,0.9841,1.0000,0.8844,typical
2014-12,WIN-3648,0.9460,0.9400,1.0096,1.0000,0.8978,typical
2014-12,DOOR-3680,0.9460,0.9900,0.9986,1.0000,0.9352,typical
2015-01,WIN-2436,1.0032,0.9600,1.0189,1.0000,0.9813,typical
2015-01,WIN-3648,1.0032,0.9500,0.9867,1.0000,0.9404,typical
2015-01,DOOR-3680,1.0032,0.9800,0.9809,1.0000,0.9644,typical
2015-02,WIN-2436,1.0074,0.9700,0.9836,1.0000,0.9612,typical
2015-02,WIN-3648,1.0074,0.9600,0.9900,1.0000,0.9575,typical
2015-02,DOOR-3680,1.0074,0.9800,0.9847,1.0000,0.9722,typical
2015-03,WIN-2436,1.0047,0.9900,0.9820,1.0000,0.9768,typical
2015-03,WIN-3648,1.0047,0.9800,1.0102,1.0000,0.9947,typical
2015-03,DOOR-3680,1.0047,0.9900,0.9903,1.0000,0.9850,typical
2015-04,WIN-2436,1.0267,1.0200,0.9842,1.0000,1.0307,typical
2015-04,WIN-3648,1.0267,1.0100,0.9902,1.0000,1.0268,typical
2015-04,DOOR-3680,1.0267,1.0000,0.9801,1.0000,1.0063,typical
2015-05,WIN-2436,1.0010,1.0400,0.9942,1.0000,1.0350,typical
2015-05,WIN-3648,1.0010,1.0400,1.0071,1.0000,1.0484,typical
2015-05,DOOR-3680,1.0010,1.0100,1.0124,1.0000,1.0236,typical
2015-06,WIN-2436,1.0478,1.0500,0.9878,1.0000,1.0867,typical
2015-06,WIN-3648,1.0478,1.0600,1.0080,1.0000,1.1195,typical
2015-06,DOOR-3680,1.0478,1.0100,0.9942,1.0000,1.0521,typical
2015-07,WIN-2436,1.0678,1.0400,1.0092,1.0000,1.1208,typical
2015-07,WIN-3648,1.0678,1.0500,0.9972,1.0000,1.1181,typical
2015-07,DOOR-3680,1.0678,1.0000,1.0142,1.0000,1.0830,typical
2015-08,WIN-2436,1.0199,1.0200,1.0053,1.0000,1.0458,typical
2015-08,WIN-3648,1.0199,1.0300,1.0046,1.0000,1.0553,typical
2015-08,DOOR-3680,1.0199,1.0200,1.0193,1.0000,1.0603,typical
2015-09,WIN-2436,0.9243,1.0000,1.0000,1.0000,0.9243,typical
2015-09,WIN-3648,0.9243,1.0100,1.0188,1.0000,0.9511,typical
2015-09,DOOR-3680,0.9243,1.0400,1.0124,1.0000,0.9732,typical
2015-10,WIN-2436,1.0507,0.9900,0.9917,1.0000,1.0316,typical
2015-10,WIN-3648,1.0507,0.9900,0.9850,1.0000,1.0246,typical
2015-10,DOOR-3680,1.0507,1.0500,1.0094,1.0000,1.1137,typical
2015-11,WIN-2436,1.0264,0.9700,0.9850,1.0000,0.9806,typical
2015-11,WIN-3648,1.0264,0.9600,1.0128,1.0000,0.9979,typical
2015-11,DOOR-3680,1.0264,1.0200,1.0008,1.0000,1.0478,typical
2015-12,WIN-2436,0.9821,0.9500,1.0123,1.0000,0.9445,typical
2015-12,WIN-3648,0.9821,0.9400,1.0076,1.0000,0.9302,typical
2015-12,DOOR-3680,0.9821,0.9900,0.9911,1.0000,0.9636,typical
2016-01,WIN-2436,1.0269,0.9600,1.0047,1.0000,0.9905,typical
2016-01,WIN-3648,1.0269,0.9500,0.9990,1.0000,0.9746,typical
2016-01,DOOR-3680,1.0269,0.9800,1.0006,1.0000,1.0069,typical
2016-02,WIN-2436,0.9721,0.9700,0.9843,1.0000,0.9281,typical
2016-02,WIN-3648,0.9721,0.9600,1.0182,1.0000,0.9502,typical
2016-02,DOOR-3680,0.9721,0.9800,1.0090,1.0000,0.9612,typical
2016-03,WIN-2436,0.9948,0.9900,1.0023,0.8500,0.8390,unusual
2016-03,WIN-3648,0.9948,0.9800,1.0092,0.8500,0.8363,unusual
2016-03,DOOR-3680,0.9948,0.9900,1.0088,0.8500,0.8446,unusual
2016-04,WIN-2436,0.9873,1.0200,1.0087,1.0000,1.0158,typical
2016-04,WIN-3648,0.9873,1.0100,1.0081,1.0000,1.0052,typical
2016-04,DOOR-3680,0.9873,1.0000,1.0105,1.0000,0.9977,typical
2016-05,WIN-2436,1.0767,1.0400,1.0125,1.0000,1.1338,typical
2016-05,WIN-3648,1.0767,1.0400,1.0128,1.0000,1.1341,typical
2016-05,DOOR-3680,1.0767,1.0100,0.9801,1.0000,1.0659,typical
2016-06,WIN-2436,0.9382,1.0500,1.0070,1.0000,0.9920,typical
2016-06,WIN-3648,0.9382,1.0600,1.0176,1.0000,1.0121,typical
2016-06,DOOR-3680,0.9382,1.0100,0.9837,1.0000,0.9322,typical
2016-07,WIN-2436,1.0803,1.0400,0.9960,0.8200,0.9177,unusual
2016-07,WIN-3648,1.0803,1.0500,1.0039,0.8200,0.9338,unusual
2016-07,DOOR-3680,1.0803,1.0000,0.9921,0.8200,0.8789,unusual
2016-08,WIN-2436,0.9888,1.0200,1.0195,1.0000,1.0283,typical
2016-08,WIN-3648,0.9888,1.0300,0.9919,1.0000,1.0102,typical
2016-08,DOOR-3680,0.9888,1.0200,0.9820,1.0000,0.9904,typical
2016-09,WIN-2436,0.9686,1.0000,1.0014,1.0000,0.9699,typical
2016-09,WIN-3648,0.9686,1.0100,0.9984,1.0000,0.9767,typical
2016-09,DOOR-3680,0.9686,1.0400,0.9932,1.0000,1.0004,typical
2016-10,WIN-2436,0.9695,0.9900,0.9881,1.0000,0.9483,typical
2016-10,WIN-3648,0.9695,0.9900,1.0158,1.0000,0.9749,typical
2016-10,DOOR-3680,0.9695,1.0500,1.0061,1.0000,1.0242,typical
2016-11,WIN-2436,0.9838,0.9700,1.0067,1.0000,0.9608,typical
2016-11,WIN-3648,0.9838,0.9600,1.0158,1.0000,0.9594,typical
2016-11,DOOR-3680,0.9838,1.0200,0.9802,1.0000,0.9837,typical
2016-12,WIN-2436,0.9991,0.9500,0.9928,1.0000,0.9423,typical
2016-12,WIN-3648,0.9991,0.9400,1.0121,1.0000,0.9505,typical
2016-12,DOOR-3680,0.9991,0.9900,0.9853,1.0000,0.9745,typical
2017-01,WIN-2436,1.0106,0.9600,1.0072,1.0000,0.9771,typical
2017-01,WIN-3648,1.0106,0.9500,1.0166,1.0000,0.9760,typical
2017-01,DOOR-3680,1.0106,0.9800,1.0185,1.0000,1.0087,typical
2017-02,WIN-2436,0.9813,0.9700,0.9906,1.0000,0.9429,typical
2017-02,WIN-3648,0.9813,0.9600,1.0043,1.0000,0.9460,typical
2017-02,DOOR-3680,0.9813,0.9800,1.0143,1.0000,0.9754,typical
2017-03,WIN-2436,0.9904,0.9900,1.0185,1.0000,0.9987,typical
2017-03,WIN-3648,0.9904,0.9800,1.0041,1.0000,0.9746,typical
2017-03,DOOR-3680,0.9904,0.9900,0.9910,1.0000,0.9717,typical
2017-04,WIN-2436,0.9564,1.0200,0.9884,1.0000,0.9643,typical
2017-04,WIN-3648,0.9564,1.0100,0.9922,1.0000,0.9585,typical
2017-04,DOOR-3680,0.9564,1.0000,1.0028,1.0000,0.9592,typical
2017-05,WIN-2436,0.9797,1.0400,0.9986,1.0000,1.0174,typical
2017-05,WIN-3648,0.9797,1.0400,1.0056,1.0000,1.0246,typical
2017-05,DOOR-3680,0.9797,1.0100,0.9846,1.0000,0.9743,typical
2017-06,WIN-2436,1.0219,1.0500,0.9921,1.0000,1.0644,typical
2017-06,WIN-3648,1.0219,1.0600,1.0022,1.0000,1.0856,typical
2017-06,DOOR-3680,1.0219,1.0100,0.9816,1.0000,1.0131,typical
2017-07,WIN-2436,0.9760,1.0400,0.9926,1.0000,1.0076,typical
2017-07,WIN-3648,0.9760,1.0500,1.0085,1.0000,1.0336,typical
2017-07,DOOR-3680,0.9760,1.0000,1.0160,1.0000,0.9916,typical
2017-08,WIN-2436,1.0204,1.0200,0.9856,1.0000,1.0258,typical
2017-08,WIN-3648,1.0204,1.0300,1.0144,1.0000,1.0661,typical
2017-08,DOOR-3680,1.0204,1.0200,0.9877,1.0000,1.0280,typical
2017-09,WIN-2436,0.9544,1.0000,0.9981,1.0000,0.9526,typical
2017-09,WIN-3648,0.9544,1.0100,1.0047,1.0000,0.9685,typical
2017-09,DOOR-3680,0.9544,1.0400,1.0023,1.0000,0.9949,typical
2017-10,WIN-2436,0.9492,0.9900,1.0017,1.0000,0.9413,typical
2017-10,WIN-3648,0.9492,0.9900,1.0072,1.0000,0.9465,typical
2017-10,DOOR-3680,0.9492,1.0500,0.9938,1.0000,0.9905,typical
2017-11,WIN-2436,0.9815,0.9700,0.9856,1.0000,0.9383,typical
2017-11,WIN-3648,0.9815,0.9600,1.0000,1.0000,0.9422,typical
2017-11,DOOR-3680,0.9815,1.0200,0.9876,1.0000,0.9887,typical
2017-12,WIN-2436,0.9985,0.9500,1.0006,1.0000,0.9491,typical
2017-12,WIN-3648,0.9985,0.9400,0.9868,1.0000,0.9262,typical
2017-12,DOOR-3680,0.9985,0.9900,0.9844,1.0000,0.9731,typical
2018-01,WIN-2436,0.9788,0.9600,0.9986,1.0000,0.9383,typical
2018-01,WIN-3648,0.9788,0.9500,0.9866,1.0000,0.9174,typical
2018-01,DOOR-3680,0.9788,0.9800,0.9908,1.0000,0.9504,typical
2018-02,WIN-2436,1.0267,0.9700,1.0047,1.0000,1.0006,typical
2018-02,WIN-3648,1.0267,0.9600,1.0029,1.0000,0.9884,typical
2018-02,DOOR-3680,1.0267,0.9800,1.0181,1.0000,1.0244,typical
2018-03,WIN-2436,0.9391,0.9900,1.0053,1.0000,0.9346,typical
2018-03,WIN-3648,0.9391,0.9800,0.9924,1.0000,0.9133,typical
2018-03,DOOR-3680,0.9391,0.9900,0.9971,1.0000,0.9270,typical
2018-04,WIN-2436,1.0342,1.0200,0.9828,1.0000,1.0368,typical
2018-04,WIN-3648,1.0342,1.0100,1.0134,1.0000,1.0585,typical
2018-04,DOOR-3680,1.0342,1.0000,1.0137,1.0000,1.0484,typical
2018-05,WIN-2436,1.0582,1.0400,0.9910,1.0000,1.0906,typical
2018-05,WIN-3648,1.0582,1.0400,1.0047,1.0000,1.1057,typical
2018-05,DOOR-3680,1.0582,1.0100,1.0096,1.0000,1.0790,typical
2018-06,WIN-2436,0.9286,1.0500,1.0176,1.0000,0.9923,typical
2018-06,WIN-3648,0.9286,1.0600,0.9818,1.0000,0.9665,typical
2018-06,DOOR-3680,0.9286,1.0100,1.0082,1.0000,0.9456,typical
2018-07,WIN-2436,1.0074,1.0400,1.0130,1.0000,1.0613,typical
2018-07,WIN-3648,1.0074,1.0500,1.0070,1.0000,1.0651,typical
2018-07,DOOR-3680,1.0074,1.0000,0.9990,1.0000,1.0063,typical
2018-08,WIN-2436,0.9511,1.0200,1.0177,1.0000,0.9873,typical
2018-08,WIN-3648,0.9511,1.0300,1.0025,1.0000,0.9822,typical
2018-08,DOOR-3680,0.9511,1.0200,0.9863,1.0000,0.9569,typical
2018-09,WIN-2436,0.9401,1.0000,1.0175,1.0000,0.9566,typical
2018-09,WIN-3648,0.9401,1.0100,1.0000,1.0000,0.9495,typical
2018-09,DOOR-3680,0.9401,1.0400,1.0199,1.0000,0.9972,typical
2018-10,WIN-2436,0.9661,0.9900,0.9997,1.0000,0.9561,typical
2018-10,WIN-3648,0.9661,0.9900,0.9861,1.0000,0.9432,typical
2018-10,DOOR-3680,0.9661,1.0500,1.0092,1.0000,1.0238,typical
2018-11,WIN-2436,0.9602,0.9700,1.0064,1.0000,0.9374,typical
2018-11,WIN-3648,0.9602,0.9600,0.9979,1.0000,0.9199,typical
2018-11,DOOR-3680,0.9602,1.0200,0.9914,1.0000,0.9710,typical
2018-12,WIN-2436,1.0162,0.9500,1.0009,1.0000,0.9662,typical
2018-12,WIN-3648,1.0162,0.9400,1.0167,1.0000,0.9712,typical
2018-12,DOOR-3680,1.0162,0.9900,0.9950,1.0000,1.0010,typical
2019-01,WIN-2436,0.9317,0.9600,0.9994,1.0000,0.8939,typical
2019-01,WIN-3648,0.9317,0.9500,1.0020,1.0000,0.8869,typical
2019-01,DOOR-3680,0.9317,0.9800,0.9851,1.0000,0.8994,typical
2019-02,WIN-2436,1.0601,0.9700,0.9905,1.0000,1.0186,typical
2019-02,WIN-3648,1.0601,0.9600,1.0124,1.0000,1.0304,typical
2019-02,DOOR-3680,1.0601,0.9800,0.9820,1.0000,1.0202,typical
2019-03,WIN-2436,1.0323,0.9900,1.0119,1.0000,1.0341,typical
2019-03,WIN-3648,1.0323,0.9800,1.0187,1.0000,1.0306,typical
2019-03,DOOR-3680,1.0323,0.9900,0.9970,1.0000,1.0189,typical
2019-04,WIN-2436,1.0046,1.0200,0.9971,1.0000,1.0217,typical
2019-04,WIN-3648,1.0046,1.0100,1.0074,1.0000,1.0221,typical
2019-04,DOOR-3680,1.0046,1.0000,1.0120,1.0000,1.0167,typical
2019-05,WIN-2436,0.9554,1.0400,0.9921,1.0000,0.9858,typical
2019-05,WIN-3648,0.9554,1.0400,0.9834,1.0000,0.9771,typical
2019-05,DOOR-3680,0.9554,1.0100,1.0122,1.0000,0.9767,typical
2019-06,WIN-2436,0.9615,1.0500,1.0076,1.0000,1.0173,typical
2019-06,WIN-3648,0.9615,1.0600,0.9816,1.0000,1.0004,typical
2019-06,DOOR-3680,0.9615,1.0100,0.9987,1.0000,0.9698,typical
2019-07,WIN-2436,1.0693,1.0400,1.0034,1.0000,1.1159,typical
2019-07,WIN-3648,1.0693,1.0500,0.9810,1.0000,1.1015,typical
2019-07,DOOR-3680,1.0693,1.0000,0.9941,1.0000,1.0631,typical
2019-08,WIN-2436,1.0199,1.0200,1.0067,1.0000,1.0473,typical
2019-08,WIN-3648,1.0199,1.0300,0.9905,1.0000,1.0404,typical
2019-08,DOOR-3680,1.0199,1.0200,1.0089,1.0000,1.0495,typical
2019-09,WIN-2436,1.0395,1.0000,0.9844,1.0000,1.0233,typical
2019-09,WIN-3648,1.0395,1.0100,0.9810,1.0000,1.0300,typical
2019-09,DOOR-3680,1.0395,1.0400,0.9961,1.0000,1.0769,typical
2019-10,WIN-2436,1.0050,0.9900,0.9857,1.0000,0.9807,typical
2019-10,WIN-3648,1.0050,0.9900,0.9929,1.0000,0.9879,typical
2019-10,DOOR-3680,1.0050,1.0500,1.0129,1.0000,1.0688,typical
2019-11,WIN-2436,0.9391,0.9700,0.9893,1.0000,0.9012,typical
2019-11,WIN-3648,0.9391,0.9600,1.0122,1.0000,0.9126,typical
2019-11,DOOR-3680,0.9391,1.0200,1.0195,1.0000,0.9766,typical
2019-12,WIN-2436,1.0422,0.9500,0.9954,1.0000,0.9855,typical
2019-12,WIN-3648,1.0422,0.9400,0.9915,1.0000,0.9713,typical
2019-12,DOOR-3680,1.0422,0.9900,0.9942,1.0000,1.0258,typical
2020-01,WIN-2436,1.0476,0.9600,1.0124,1.0000,1.0182,typical
2020-01,WIN-3648,1.0476,0.9500,0.9843,1.0000,0.9796,typical
2020-01,DOOR-3680,1.0476,0.9800,1.0174,1.0000,1.0445,typical
2020-02,WIN-2436,0.9958,0.9700,0.9858,1.0000,0.9522,typical
2020-02,WIN-3648,0.9958,0.9600,1.0023,1.0000,0.9581,typical
2020-02,DOOR-3680,0.9958,0.9800,0.9861,1.0000,0.9622,typical
2020-03,WIN-2436,1.0210,0.9900,1.0092,1.0000,1.0201,typical
2020-03,WIN-3648,1.0210,0.9800,1.0183,1.0000,1.0189,typical
2020-03,DOOR-3680,1.0210,0.9900,1.0199,1.0000,1.0309,typical
2020-04,WIN-2436,0.9852,1.0200,0.9932,1.0000,0.9981,typical
2020-04,WIN-3648,0.9852,1.0100,0.9940,1.0000,0.9892,typical
2020-04,DOOR-3680,0.9852,1.0000,0.9805,1.0000,0.9660,typical
2020-05,WIN-2436,0.9107,1.0400,1.0010,1.0000,0.9481,typical
2020-05,WIN-3648,0.9107,1.0400,1.0183,1.0000,0.9645,typical
2020-05,DOOR-3680,0.9107,1.0100,1.0091,1.0000,0.9282,typical
2020-06,WIN-2436,0.9656,1.0500,0.9897,1.0000,1.0035,typical
2020-06,WIN-3648,0.9656,1.0600,0.9807,1.0000,1.0038,typical
2020-06,DOOR-3680,0.9656,1.0100,0.9900,1.0000,0.9656,typical
2020-07,WIN-2436,1.0173,1.0400,1.0010,1.0000,1.0590,typical
2020-07,WIN-3648,1.0173,1.0500,1.0033,1.0000,1.0717,typical
2020-07,DOOR-3680,1.0173,1.0000,0.9865,1.0000,1.0036,typical
2020-08,WIN-2436,0.9705,1.0200,0.9894,1.0000,0.9794,typical
2020-08,WIN-3648,0.9705,1.0300,0.9959,1.0000,0.9955,typical
2020-08,DOOR-3680,0.9705,1.0200,1.0070,1.0000,0.9969,typical
2020-09,WIN-2436,0.9955,1.0000,1.0101,1.0000,1.0056,typical
2020-09,WIN-3648,0.9955,1.0100,1.0018,1.0000,1.0073,typical
2020-09,DOOR-3680,0.9955,1.0400,1.0016,1.0000,1.0369,typical
2020-10,WIN-2436,1.0549,0.9900,0.9926,1.0000,1.0366,typical
2020-10,WIN-3648,1.0549,0.9900,0.9885,1.0000,1.0323,typical
2020-10,DOOR-3680,1.0549,1.0500,1.0187,1.0000,1.1283,typical
2020-11,WIN-2436,1.0231,0.9700,0.9859,1.0000,0.9784,typical
2020-11,WIN-3648,1.0231,0.9600,0.9851,1.0000,0.9676,typical
2020-11,DOOR-3680,1.0231,1.0200,0.9913,1.0000,1.0345,typical
2020-12,WIN-2436,0.9330,0.9500,1.0183,1.0000,0.9026,typical
2020-12,WIN-3648,0.9330,0.9400,1.0084,1.0000,0.8844,typical
2020-12,DOOR-3680,0.9330,0.9900,1.0085,1.0000,0.9315,typical
2021-01,WIN-2436,0.9887,0.9600,0.9912,1.0000,0.9409,typical
2021-01,WIN-3648,0.9887,0.9500,1.0167,1.0000,0.9550,typical
2021-01,DOOR-3680,0.9887,0.9800,0.9934,1.0000,0.9626,typical
2021-02,WIN-2436,1.0159,0.9700,0.9970,1.0000,0.9824,typical
2021-02,WIN-3648,1.0159,0.9600,0.9949,1.0000,0.9703,typical
2021-02,DOOR-3680,1.0159,0.9800,0.9946,1.0000,0.9902,typical
2021-03,WIN-2436,1.0110,0.9900,1.0169,1.0000,1.0178,typical
2021-03,WIN-3648,1.0110,0.9800,1.0018,1.0000,0.9926,typical
2021-03,DOOR-3680,1.0110,0.9900,0.9818,1.0000,0.9827,typical
2021-04,WIN-2436,0.9606,1.0200,0.9980,1.0000,0.9778,typical
2021-04,WIN-3648,0.9606,1.0100,1.0046,1.0000,0.9746,typical
2021-04,DOOR-3680,0.9606,1.0000,1.0003,1.0000,0.9609,typical
2021-05,WIN-2436,0.9713,1.0400,0.9839,1.0000,0.9939,typical
2021-05,WIN-3648,0.9713,1.0400,1.0010,1.0000,1.0111,typical
2021-05,DOOR-3680,0.9713,1.0100,0.9906,1.0000,0.9717,typical
2021-06,WIN-2436,0.9629,1.0500,1.0009,1.0000,1.0120,typical
2021-06,WIN-3648,0.9629,1.0600,1.0065,1.0000,1.0273,typical
2021-06,DOOR-3680,0.9629,1.0100,0.9952,1.0000,0.9679,typical
2021-07,WIN-2436,0.9982,1.0400,0.9869,1.0000,1.0245,typical
2021-07,WIN-3648,0.9982,1.0500,1.0003,1.0000,1.0484,typical
2021-07,DOOR-3680,0.9982,1.0000,0.9834,1.0000,0.9817,typical
2021-08,WIN-2436,0.9591,1.0200,1.0173,1.1500,1.1445,unusual
2021-08,WIN-3648,0.9591,1.0300,1.0093,1.1500,1.1466,unusual
2021-08,DOOR-3680,0.9591,1.0200,0.9967,1.1500,1.1214,unusual
2021-09,WIN-2436,1.0357,1.0000,0.9979,1.0000,1.0335,typical
2021-09,WIN-3648,1.0357,1.0100,0.9891,1.0000,1.0346,typical
2021-09,DOOR-3680,1.0357,1.0400,1.0093,1.0000,1.0872,typical
2021-10,WIN-2436,1.0377,0.9900,0.9834,1.0000,1.0103,typical
2021-10,WIN-3648,1.0377,0.9900,1.0005,1.0000,1.0278,typical
2021-10,DOOR-3680,1.0377,1.0500,1.0038,1.0000,1.0937,typical
2021-11,WIN-2436,1.0084,0.9700,0.9855,1.0000,0.9641,typical
2021-11,WIN-3648,1.0084,0.9600,1.0182,1.0000,0.9857,typical
2021-11,DOOR-3680,1.0084,1.0200,0.9907,1.0000,1.0191,typical
2021-12,WIN-2436,0.9943,0.9500,1.0090,1.0000,0.9530,typical
2021-12,WIN-3648,0.9943,0.9400,0.9873,1.0000,0.9227,typical
2021-12,DOOR-3680,0.9943,0.9900,1.0021,1.0000,0.9864,typical
2022-01,WIN-2436,0.9480,0.9600,0.9899,1.0000,0.9009,typical
2022-01,WIN-3648,0.9480,0.9500,0.9848,1.0000,0.8869,typical
2022-01,DOOR-3680,0.9480,0.9800,1.0151,1.0000,0.9431,typical
2022-02,WIN-2436,0.9243,0.9700,1.0141,1.0000,0.9092,typical
2022-02,WIN-3648,0.9243,0.9600,0.9992,1.0000,0.8866,typical
2022-02,DOOR-3680,0.9243,0.9800,1.0106,1.0000,0.9154,typical
2022-03,WIN-2436,0.9976,0.9900,1.0034,1.0000,0.9909,typical
2022-03,WIN-3648,0.9976,0.9800,0.9840,1.0000,0.9619,typical
2022-03,DOOR-3680,0.9976,0.9900,0.9918,1.0000,0.9795,typical
2022-04,WIN-2436,0.9808,1.0200,1.0049,1.0000,1.0053,typical
2022-04,WIN-3648,0.9808,1.0100,0.9943,1.0000,0.9849,typical
2022-04,DOOR-3680,0.9808,1.0000,1.0190,1.0000,0.9994,typical
2022-05,WIN-2436,0.9944,1.0400,1.0058,1.0000,1.0403,typical
2022-05,WIN-3648,0.9944,1.0400,0.9815,1.0000,1.0151,typical
2022-05,DOOR-3680,0.9944,1.0100,0.9908,1.0000,0.9951,typical
2022-06,WIN-2436,1.0204,1.0500,1.0156,1.0000,1.0882,typical
2022-06,WIN-3648,1.0204,1.0600,1.0103,1.0000,1.0928,typical
2022-06,DOOR-3680,1.0204,1.0100,0.9848,1.0000,1.0149,typical
2022-07,WIN-2436,0.9682,1.0400,1.0049,1.0000,1.0119,typical
2022-07,WIN-3648,0.9682,1.0500,0.9995,1.0000,1.0162,typical
2022-07,DOOR-3680,0.9682,1.0000,1.0012,1.0000,0.9694,typical
2022-08,WIN-2436,1.0144,1.0200,0.9866,1.0000,1.0209,typical
2022-08,WIN-3648,1.0144,1.0300,1.0166,1.0000,1.0622,typical
2022-08,DOOR-3680,1.0144,1.0200,0.9951,1.0000,1.0296,typical
2022-09,WIN-2436,1.0306,1.0000,1.0153,1.0000,1.0464,typical
2022-09,WIN-3648,1.0306,1.0100,1.0116,1.0000,1.0530,typical
2022-09,DOOR-3680,1.0306,1.0400,0.9954,1.0000,1.0670,typical
2022-10,WIN-2436,0.9217,0.9900,1.0031,1.0000,0.9153,typical
2022-10,WIN-3648,0.9217,0.9900,1.0107,1.0000,0.9223,typical
2022-10,DOOR-3680,0.9217,1.0500,1.0129,1.0000,0.9803,typical
2022-11,WIN-2436,1.0163,0.9700,0.9889,1.0000,0.9749,typical
2022-11,WIN-3648,1.0163,0.9600,0.9979,1.0000,0.9736,typical
2022-11,DOOR-3680,1.0163,1.0200,0.9861,1.0000,1.0222,typical
2022-12,WIN-2436,0.9917,0.9500,1.0059,1.0000,0.9477,typical
2022-12,WIN-3648,0.9917,0.9400,0.9963,1.0000,0.9288,typical
2022-12,DOOR-3680,0.9917,0.9900,0.9992,1.0000,0.9810,typical
2023-01,WIN-2436,0.9308,0.9600,0.9916,0.8500,0.7532,unusual
2023-01,WIN-3648,0.9308,0.9500,1.0095,0.8500,0.7588,unusual
2023-01,DOOR-3680,0.9308,0.9800,0.9921,0.8500,0.7693,unusual
2023-02,WIN-2436,1.0008,0.9700,1.0041,1.0000,0.9747,typical
2023-02,WIN-3648,1.0008,0.9600,0.9814,1.0000,0.9429,typical
2023-02,DOOR-3680,1.0008,0.9800,0.9960,1.0000,0.9769,typical
2023-03,WIN-2436,0.9267,0.9900,0.9945,1.0000,0.9124,typical
2023-03,WIN-3648,0.9267,0.9800,1.0046,1.0000,0.9123,typical
2023-03,DOOR-3680,0.9267,0.9900,1.0047,1.0000,0.9218,typical
2023-04,WIN-2436,0.9931,1.0200,1.0083,1.0000,1.0214,typical
2023-04,WIN-3648,0.9931,1.0100,1.0101,1.0000,1.0132,typical
2023-04,DOOR-3680,0.9931,1.0000,1.0050,1.0000,0.9981,typical
2023-05,WIN-2436,1.0142,1.0400,1.0067,1.0000,1.0618,typical
2023-05,WIN-3648,1.0142,1.0400,0.9999,1.0000,1.0546,typical
2023-05,DOOR-3680,1.0142,1.0100,0.9965,1.0000,1.0208,typical
2023-06,WIN-2436,1.0092,1.0500,0.9922,1.0000,1.0514,typical
2023-06,WIN-3648,1.0092,1.0600,1.0000,1.0000,1.0697,typical
2023-06,DOOR-3680,1.0092,1.0100,1.0001,1.0000,1.0194,typical
2023-07,WIN-2436,1.0027,1.0400,1.0187,1.0000,1.0623,typical
2023-07,WIN-3648,1.0027,1.0500,1.0016,1.0000,1.0545,typical
2023-07,DOOR-3680,1.0027,1.0000,1.0028,1.0000,1.0055,typical
2023-08,WIN-2436,1.0346,1.0200,1.0025,1.0000,1.0579,typical
2023-08,WIN-3648,1.0346,1.0300,0.9987,1.0000,1.0642,typical
2023-08,DOOR-3680,1.0346,1.0200,0.9904,1.0000,1.0451,typical
2023-09,WIN-2436,1.0375,1.0000,0.9964,1.0000,1.0338,typical
2023-09,WIN-3648,1.0375,1.0100,0.9853,1.0000,1.0325,typical
2023-09,DOOR-3680,1.0375,1.0400,1.0128,1.0000,1.0928,typical
2023-10,WIN-2436,0.9564,0.9900,1.0091,1.0000,0.9554,typical
2023-10,WIN-3648,0.9564,0.9900,0.9881,1.0000,0.9355,typical
2023-10,DOOR-3680,0.9564,1.0500,0.9961,1.0000,1.0003,typical
2023-11,WIN-2436,1.0020,0.9700,0.9982,1.0000,0.9701,typical
2023-11,WIN-3648,1.0020,0.9600,0.9924,1.0000,0.9546,typical
2023-11,DOOR-3680,1.0020,1.0200,1.0154,1.0000,1.0377,typical
2023-12,WIN-2436,0.9829,0.9500,1.0102,1.0000,0.9433,typical
2023-12,WIN-3648,0.9829,0.9400,0.9909,1.0000,0.9155,typical
2023-12,DOOR-3680,0.9829,0.9900,1.0180,1.0000,0.9906,typical
2024-01,WIN-2436,1.0271,0.9600,0.9927,1.0000,0.9788,typical
2024-01,WIN-3648,1.0271,0.9500,1.0096,1.0000,0.9851,typical
2024-01,DOOR-3680,1.0271,0.9800,1.0176,1.0000,1.0242,typical
2024-02,WIN-2436,1.0136,0.9700,0.9915,1.0000,0.9749,typical
2024-02,WIN-3648,1.0136,0.9600,0.9960,1.0000,0.9692,typical
2024-02,DOOR-3680,1.0136,0.9800,0.9831,1.0000,0.9765,typical
2024-03,WIN-2436,0.9500,0.9900,0.9880,1.0000,0.9292,typical
2024-03,WIN-3648,0.9500,0.9800,0.9960,1.0000,0.9272,typical
2024-03,DOOR-3680,0.9500,0.9900,0.9820,1.0000,0.9236,typical
2024-04,WIN-2436,0.9937,1.0200,0.9989,1.0000,1.0124,typical
2024-04,WIN-3648,0.9937,1.0100,1.0034,1.0000,1.0070,typical
2024-04,DOOR-3680,0.9937,1.0000,1.0076,1.0000,1.0012,typical
2024-05,WIN-2436,1.0728,1.0400,1.0072,1.0000,1.1237,typical
2024-05,WIN-3648,1.0728,1.0400,0.9807,1.0000,1.0941,typical
2024-05,DOOR-3680,1.0728,1.0100,0.9856,1.0000,1.0679,typical
2024-06,WIN-2436,1.0175,1.0500,1.0050,1.0000,1.0737,typical
2024-06,WIN-3648,1.0175,1.0600,1.0123,1.0000,1.0918,typical
2024-06,DOOR-3680,1.0175,1.0100,1.0028,1.0000,1.0306,typical
2024-07,WIN-2436,1.0039,1.0400,0.9818,1.0000,1.0251,typical
2024-07,WIN-3648,1.0039,1.0500,0.9899,1.0000,1.0434,typical
2024-07,DOOR-3680,1.0039,1.0000,1.0037,1.0000,1.0076,typical
2024-08,WIN-2436,1.0149,1.0200,1.0099,1.0000,1.0454,typical
2024-08,WIN-3648,1.0149,1.0300,0.9803,1.0000,1.0247,typical
2024-08,DOOR-3680,1.0149,1.0200,0.9877,1.0000,1.0224,typical
2024-09,WIN-2436,1.0136,1.0000,0.9857,1.0000,0.9990,typical
2024-09,WIN-3648,1.0136,1.0100,1.0078,1.0000,1.0317,typical
2024-09,DOOR-3680,1.0136,1.0400,1.0043,1.0000,1.0587,typical
2024-10,WIN-2436,1.0020,0.9900,0.9960,1.0000,0.9880,typical
2024-10,WIN-3648,1.0020,0.9900,0.9877,1.0000,0.9798,typical
2024-10,DOOR-3680,1.0020,1.0500,1.0196,1.0000,1.0727,typical
2024-11,WIN-2436,1.0100,0.9700,1.0060,1.0000,0.9856,typical
2024-11,WIN-3648,1.0100,0.9600,1.0134,1.0000,0.9826,typical
2024-11,DOOR-3680,1.0100,1.0200,0.9968,1.0000,1.0269,typical
2024-12,WIN-2436,1.0222,0.9500,1.0086,1.0000,0.9794,typical
2024-12,WIN-3648,1.0222,0.9400,0.9957,1.0000,0.9567,typical
2024-12,DOOR-3680,1.0222,0.9900,0.9916,1.0000,1.0035,typical
2025-01,WIN-2436,0.9907,0.9600,1.0031,1.0000,0.9540,typical
2025-01,WIN-3648,0.9907,0.9500,1.0127,1.0000,0.9531,typical
2025-01,DOOR-3680,0.9907,0.9800,1.0030,1.0000,0.9738,typical
2025-02,WIN-2436,1.0209,0.9700,0.9973,1.0000,0.9876,typical
2025-02,WIN-3648,1.0209,0.9600,0.9812,1.0000,0.9617,typical
2025-02,DOOR-3680,1.0209,0.9800,0.9890,1.0000,0.9894,typical
2025-03,WIN-2436,1.0416,0.9900,0.9829,1.0000,1.0135,typical
2025-03,WIN-3648,1.0416,0.9800,0.9961,1.0000,1.0167,typical
2025-03,DOOR-3680,1.0416,0.9900,1.0198,1.0000,1.0516,typical
2025-04,WIN-2436,0.9388,1.0200,0.9986,1.0000,0.9562,typical
2025-04,WIN-3648,0.9388,1.0100,1.0106,1.0000,0.9582,typical
2025-04,DOOR-3680,0.9388,1.0000,1.0029,1.0000,0.9414,typical
2025-05,WIN-2436,1.0496,1.0400,1.0013,1.0000,1.0930,typical
2025-05,WIN-3648,1.0496,1.0400,1.0196,1.0000,1.1130,typical
2025-05,DOOR-3680,1.0496,1.0100,0.9981,1.0000,1.0581,typical
2025-06,WIN-2436,1.0140,1.0500,1.0027,1.0000,1.0676,typical
2025-06,WIN-3648,1.0140,1.0600,1.0048,1.0000,1.0800,typical
2025-06,DOOR-3680,1.0140,1.0100,1.0103,1.0000,1.0348,typical
2025-07,WIN-2436,0.9703,1.0400,1.0069,1.0000,1.0160,typical
2025-07,WIN-3648,0.9703,1.0500,0.9911,1.0000,1.0097,typical
2025-07,DOOR-3680,0.9703,1.0000,0.9807,1.0000,0.9516,typical
2025-08,WIN-2436,1.0221,1.0200,0.9910,1.0000,1.0332,typical
2025-08,WIN-3648,1.0221,1.0300,1.0026,1.0000,1.0555,typical
2025-08,DOOR-3680,1.0221,1.0200,1.0159,1.0000,1.0591,typical
2025-09,WIN-2436,0.9689,1.0000,0.9855,1.0000,0.9549,typical
2025-09,WIN-3648,0.9689,1.0100,0.9955,1.0000,0.9742,typical
2025-09,DOOR-3680,0.9689,1.0400,1.0156,1.0000,1.0234,typical
2025-10,WIN-2436,0.9889,0.9900,0.9841,1.0000,0.9634,typical
2025-10,WIN-3648,0.9889,0.9900,0.9921,1.0000,0.9712,typical
2025-10,DOOR-3680,0.9889,1.0500,1.0115,1.0000,1.0503,typical
2025-11,WIN-2436,1.0277,0.9700,0.9851,1.0000,0.9820,typical
2025-11,WIN-3648,1.0277,0.9600,0.9845,1.0000,0.9713,typical
2025-11,DOOR-3680,1.0277,1.0200,0.9995,1.0000,1.0478,typical
2025-12,WIN-2436,0.9421,0.9500,1.0005,1.0000,0.8954,typical
2025-12,WIN-3648,0.9421,0.9400,0.9962,1.0000,0.8822,typical
2025-12,DOOR-3680,0.9421,0.9900,1.0153,1.0000,0.9469,typical
2026-01,WIN-2436,1.0302,0.9600,0.9947,1.0000,0.9837,typical
2026-01,WIN-3648,1.0302,0.9500,0.9803,1.0000,0.9594,typical
2026-01,DOOR-3680,1.0302,0.9800,0.9982,1.0000,1.0077,typical
2026-02,WIN-2436,0.9811,0.9700,0.9964,1.0000,0.9482,typical
2026-02,WIN-3648,0.9811,0.9600,1.0126,1.0000,0.9537,typical
2026-02,DOOR-3680,0.9811,0.9800,1.0070,1.0000,0.9682,typical
