series_id,period,value,unit
PERMIT,2000-01,1727.0,thousands_of_units_saar
PERMIT,2000-02,1692.0,thousands_of_units_saar
PERMIT,2000-03,1651.0,thousands_of_units_saar
PERMIT,2000-04,1597.0,thousands_of_units_saar
PERMIT,2000-05,1543.0,thousands_of_units_saar
PERMIT,2000-06,1572.0,thousands_of_units_saar
PERMIT,2000-07,1542.0,thousands_of_units_saar
PERMIT,2000-08,1552.0,thousands_of_units_saar
PERMIT,2000-09,1570.0,thousands_of_units_saar
PERMIT,2000-10,1577.0,thousands_of_units_saar
PERMIT,2000-11,1614.0,thousands_of_units_saar
PERMIT,2000-12,1543.0,thousands_of_units_saar
PERMIT,2001-01,1699.0,thousands_of_units_saar
PERMIT,2001-02,1656.0,thousands_of_units_saar
PERMIT,2001-03,1659.0,thousands_of_units_saar
PERMIT,2001-04,1666.0,thousands_of_units_saar
PERMIT,2001-05,1665.0,thousands_of_units_saar
PERMIT,2001-06,1626.0,thousands_of_units_saar
PERMIT,2001-07,1598.0,thousands_of_units_saar
PERMIT,2001-08,1615.0,thousands_of_units_saar
PERMIT,2001-09,1565.0,thousands_of_units_saar
PERMIT,2001-10,1566.0,thousands_of_units_saar
PERMIT,2001-11,1651.0,thousands_of_units_saar
PERMIT,2001-12,1680.0,thousands_of_units_saar
PERMIT,2002-01,1665.0,thousands_of_units_saar
PERMIT,2002-02,1787.0,thousands_of_units_saar
PERMIT,2002-03,1691.0,thousands_of_units_saar
PERMIT,2002-04,1669.0,thousands_of_units_saar
PERMIT,2002-05,1716.0,thousands_of_units_saar
PERMIT,2002-06,1758.0,thousands_of_units_saar
PERMIT,2002-07,1738.0,thousands_of_units_saar
PERMIT,2002-08,1695.0,thousands_of_units_saar
PERMIT,2002-09,1803.0,thousands_of_units_saar
PERMIT,2002-10,1799.0,thousands_of_units_saar
PERMIT,2002-11,1771.0,thousands_of_units_saar
PERMIT,2002-12,1896.0,thousands_of_units_saar
PERMIT,2003-01,1808.0,thousands_of_units_saar
PERMIT,2003-02,1854.0,thousands_of_units_saar
PERMIT,2003-03,1757.0,thousands_of_units_saar
PERMIT,2003-04,1803.0,thousands_of_units_saar
PERMIT,2003-05,1835.0,thousands_of_units_saar
PERMIT,2003-06,1875.0,thousands_of_units_saar
PERMIT,2003-07,1885.0,thousands_of_units_saar
PERMIT,2003-08,1966.0,thousands_of_units_saar
PERMIT,2003-09,1961.0,thousands_of_units_saar
PERMIT,2003-10,2012.0,thousands_of_units_saar
PERMIT,2003-11,1918.0,thousands_of_units_saar
PERMIT,2003-12,1987.0,thousands_of_units_saar
PERMIT,2004-01,1952.0,thousands_of_units_saar
PERMIT,2004-02,1966.0,thousands_of_units_saar
PERMIT,2004-03,2066.0,thousands_of_units_saar
PERMIT,2004-04,2070.0,thousands_of_units_saar
PERMIT,2004-05,2150.0,thousands_of_units_saar
PERMIT,2004-06,2020.0,thousands_of_units_saar
PERMIT,2004-07,2112.0,thousands_of_units_saar
PERMIT,2004-08,2056.0,thousands_of_units_saar
PERMIT,2004-09,2041.0,thousands_of_units_saar
PERMIT,2004-10,2097.0,thousands_of_units_saar
PERMIT,2004-11,2079.0,thousands_of_units_saar
PERMIT,2004-12,2082.0,thousands_of_units_saar
PERMIT,2005-01,2139.0,thousands_of_units_saar
PERMIT,2005-02,2114.0,thousands_of_units_saar
PERMIT,2005-03,2062.0,thousands_of_units_saar
PERMIT,2005-04,2150.0,thousands_of_units_saar
PERMIT,2005-05,2085.0,thousands_of_units_saar
PERMIT,2005-06,2178.0,thousands_of_units_saar
PERMIT,2005-07,2203.0,thousands_of_units_saar
PERMIT,2005-08,2219.0,thousands_of_units_saar
PERMIT,2005-09,2263.0,thousands_of_units_saar
PERMIT,2005-10,2170.0,thousands_of_units_saar
PERMIT,2005-11,2218.0,thousands_of_units_saar
PERMIT,2005-12,2120.0,thousands_of_units_saar
PERMIT,2006-01,2212.0,thousands_of_units_saar
PERMIT,2006-02,2141.0,thousands_of_units_saar
PERMIT,2006-03,2118.0,thousands_of_units_saar
PERMIT,2006-04,1998.0,thousands_of_units_saar
PERMIT,2006-05,1905.0,thousands_of_units_saar
PERMIT,2006-06,1867.0,thousands_of_units_saar
PERMIT,2006-07,1763.0,thousands_of_units_saar
PERMIT,2006-08,1722.0,thousands_of_units_saar
PERMIT,2006-09,1655.0,thousands_of_units_saar
PERMIT,2006-10,1570.0,thousands_of_units_saar
PERMIT,2006-11,1535.0,thousands_of_units_saar
PERMIT,2006-12,1638.0,thousands_of_units_saar
PERMIT,2007-01,1626.0,thousands_of_units_saar
PERMIT,2007-02,1598.0,thousands_of_units_saar
PERMIT,2007-03,1596.0,thousands_of_units_saar
PERMIT,2007-04,1470.0,thousands_of_units_saar
PERMIT,2007-05,1493.0,thousands_of_units_saar
PERMIT,2007-06,1407.0,thousands_of_units_saar
PERMIT,2007-07,1361.0,thousands_of_units_saar
PERMIT,2007-08,1321.0,thousands_of_units_saar
PERMIT,2007-09,1261.0,thousands_of_units_saar
PERMIT,2007-10,1192.0,thousands_of_units_saar
PERMIT,2007-11,1224.0,thousands_of_units_saar
PERMIT,2007-12,1149.0,thousands_of_units_saar
PERMIT,2008-01,1094.0,thousands_of_units_saar
PERMIT,2008-02,1014.0,thousands_of_units_saar
PERMIT,2008-03,967.0,thousands_of_units_saar
PERMIT,2008-04,1008.0,thousands_of_units_saar
PERMIT,2008-05,995.0,thousands_of_units_saar
PERMIT,2008-06,1180.0,thousands_of_units_saar
PERMIT,2008-07,921.0,thousands_of_units_saar
PERMIT,2008-08,858.0,thousands_of_units_saar
PERMIT,2008-09,797.0,thousands_of_units_saar
PERMIT,2008-10,736.0,thousands_of_units_saar
PERMIT,2008-11,626.0,thousands_of_units_saar
PERMIT,2008-12,554.0,thousands_of_units_saar
PERMIT,2009-01,545.0,thousands_of_units_saar
PERMIT,2009-02,558.0,thousands_of_units_saar
PERMIT,2009-03,513.0,thousands_of_units_saar
PERMIT,2009-04,521.0,thousands_of_units_saar
PERMIT,2009-05,556.0,thousands_of_units_saar
PERMIT,2009-06,601.0,thousands_of_units_saar
PERMIT,2009-07,595.0,thousands_of_units_saar
PERMIT,2009-08,616.0,thousands_of_units_saar
PERMIT,2009-09,609.0,thousands_of_units_saar
PERMIT,2009-10,583.0,thousands_of_units_saar
PERMIT,2009-11,623.0,thousands_of_units_saar
PERMIT,2009-12,664.0,thousands_of_units_saar
PERMIT,2010-01,636.0,thousands_of_units_saar
PERMIT,2010-02,650.0,thousands_of_units_saar
PERMIT,2010-03,687.0,thousands_of_units_saar
PERMIT,2010-04,637.0,thousands_of_units_saar
PERMIT,2010-05,575.0,thousands_of_units_saar
PERMIT,2010-06,587.0,thousands_of_units_saar
PERMIT,2010-07,579.0,thousands_of_units_saar
PERMIT,2010-08,580.0,thousands_of_units_saar
PERMIT,2010-09,563.0,thousands_of_units_saar
PERMIT,2010-10,558.0,thousands_of_units_saar
PERMIT,2010-11,560.0,thousands_of_units_saar
PERMIT,2010-12,632.0,thousands_of_units_saar
PERMIT,2011-01,576.0,thousands_of_units_saar
PERMIT,2011-02,542.0,thousands_of_units_saar
PERMIT,2011-03,583.0,thousands_of_units_saar
PERMIT,2011-04,581.0,thousands_of_units_saar
PERMIT,2011-05,618.0,thousands_of_units_saar
PERMIT,2011-06,636.0,thousands_of_units_saar
PERMIT,2011-07,621.0,thousands_of_units_saar
PERMIT,2011-08,647.0,thousands_of_units_saar
PERMIT,2011-09,610.0,thousands_of_units_saar
PERMIT,2011-10,671.0,thousands_of_units_saar
PERMIT,2011-11,706.0,thousands_of_units_saar
PERMIT,2011-12,697.0,thousands_of_units_saar
PERMIT,2012-01,712.0,thousands_of_units_saar
PERMIT,2012-02,738.0,thousands_of_units_saar
PERMIT,2012-03,806.0,thousands_of_units_saar
PERMIT,2012-04,732.0,thousands_of_units_saar
PERMIT,2012-05,796.0,thousands_of_units_saar
PERMIT,2012-06,794.0,thousands_of_units_saar
PERMIT,2012-07,849.0,thousands_of_units_saar
PERMIT,2012-08,840.0,thousands_of_units_saar
PERMIT,2012-09,930.0,thousands_of_units_saar
PERMIT,2012-10,887.0,thousands_of_units_saar
PERMIT,2012-11,917.0,thousands_of_units_saar
PERMIT,2012-12,941.0,thousands_of_units_saar
PERMIT,2013-01,940.0,thousands_of_units_saar
PERMIT,2013-02,980.0,thousands_of_units_saar
PERMIT,2013-03,936.0,thousands_of_units_saar
PERMIT,2013-04,1012.0,thousands_of_units_saar
PERMIT,2013-05,1003.0,thousands_of_units_saar
PERMIT,2013-06,942.0,thousands_of_units_saar
PERMIT,2013-07,997.0,thousands_of_units_saar
PERMIT,2013-08,964.0,thousands_of_units_saar
PERMIT,2013-09,1004.0,thousands_of_units_saar
PERMIT,2013-10,1044.0,thousands_of_units_saar
PERMIT,2013-11,1029.0,thousands_of_units_saar
PERMIT,2013-12,1005.0,thousands_of_units_saar
PERMIT,2014-01,976.0,thousands_of_units_saar
PERMIT,2014-02,1039.0,thousands_of_units_saar
PERMIT,2014-03,1067.0,thousands_of_units_saar
PERMIT,2014-04,1090.0,thousands_of_units_saar
PERMIT,2014-05,1018.0,thousands_of_units_saar
PERMIT,2014-06,1010.0,thousands_of_units_saar
PERMIT,2014-07,1076.0,thousands_of_units_saar
PERMIT,2014-08,1047.0,thousands_of_units_saar
PERMIT,2014-09,1077.0,thousands_of_units_saar
PERMIT,2014-10,1094.0,thousands_of_units_saar
PERMIT,2014-11,1059.0,thousands_of_units_saar
PERMIT,2014-12,1072.0,thousands_of_units_saar
PERMIT,2015-01,1049.0,thousands_of_units_saar
PERMIT,2015-02,1127.0,thousands_of_units_saar
PERMIT,2015-03,1072.0,thousands_of_units_saar
PERMIT,2015-04,1166.0,thousands_of_units_saar
PERMIT,2015-05,1272.0,thousands_of_units_saar
PERMIT,2015-06,1379.0,thousands_of_units_saar
PERMIT,2015-07,1140.0,thousands_of_units_saar
PERMIT,2015-08,1165.0,thousands_of_units_saar
PERMIT,2015-09,1144.0,thousands_of_units_saar
PERMIT,2015-10,1160.0,thousands_of_units_saar
PERMIT,2015-11,1244.0,thousands_of_units_saar
PERMIT,2015-12,1211.0,thousands_of_units_saar
PERMIT,2016-01,1171.0,thousands_of_units_saar
PERMIT,2016-02,1172.0,thousands_of_units_saar
PERMIT,2016-03,1118.0,thousands_of_units_saar
PERMIT,2016-04,1160.0,thousands_of_units_saar
PERMIT,2016-05,1205.0,thousands_of_units_saar
PERMIT,2016-06,1208.0,thousands_of_units_saar
PERMIT,2016-07,1198.0,thousands_of_units_saar
PERMIT,2016-08,1201.0,thousands_of_units_saar
PERMIT,2016-09,1303.0,thousands_of_units_saar
PERMIT,2016-10,1254.0,thousands_of_units_saar
PERMIT,2016-11,1230.0,thousands_of_units_saar
PERMIT,2016-12,1248.0,thousands_of_units_saar
PERMIT,2017-01,1303.0,thousands_of_units_saar
PERMIT,2017-02,1234.0,thousands_of_units_saar
PERMIT,2017-03,1272.0,thousands_of_units_saar
PERMIT,2017-04,1251.0,thousands_of_units_saar
PERMIT,2017-05,1208.0,thousands_of_units_saar
PERMIT,2017-06,1353.0,thousands_of_units_saar
PERMIT,2017-07,1256.0,thousands_of_units_saar
PERMIT,2017-08,1319.0,thousands_of_units_saar
PERMIT,2017-09,1273.0,thousands_of_units_saar
PERMIT,2017-10,1356.0,thousands_of_units_saar
PERMIT,2017-11,1299.0,thousands_of_units_saar
PERMIT,2017-12,1311.0,thousands_of_units_saar
PERMIT,2018-01,1317.0,thousands_of_units_saar
PERMIT,2018-02,1321.0,thousands_of_units_saar
PERMIT,2018-03,1385.0,thousands_of_units_saar
PERMIT,2018-04,1378.0,thousands_of_units_saar
PERMIT,2018-05,1338.0,thousands_of_units_saar
PERMIT,2018-06,1345.0,thousands_of_units_saar
PERMIT,2018-07,1334.0,thousands_of_units_saar
PERMIT,2018-08,1273.0,thousands_of_units_saar
PERMIT,2018-09,1314.0,thousands_of_units_saar
PERMIT,2018-10,1272.0,thousands_of_units_saar
PERMIT,2018-11,1340.0,thousands_of_units_saar
PERMIT,2018-12,1317.0,thousands_of_units_saar
PERMIT,2019-01,1254.0,thousands_of_units_saar
PERMIT,2019-02,1286.0,thousands_of_units_saar
PERMIT,2019-03,1295.0,thousands_of_units_saar
PERMIT,2019-04,1322.0,thousands_of_units_saar
PERMIT,2019-05,1347.0,thousands_of_units_saar
PERMIT,2019-06,1299.0,thousands_of_units_saar
PERMIT,2019-07,1379.0,thousands_of_units_saar
PERMIT,2019-08,1482.0,thousands_of_units_saar
PERMIT,2019-09,1469.0,thousands_of_units_saar
PERMIT,2019-10,1523.0,thousands_of_units_saar
PERMIT,2019-11,1535.0,thousands_of_units_saar
PERMIT,2019-12,1443.0,thousands_of_units_saar
PERMIT,2020-01,1490.0,thousands_of_units_saar
PERMIT,2020-02,1461.0,thousands_of_units_saar
PERMIT,2020-03,1351.0,thousands_of_units_saar
PERMIT,2020-04,1079.0,thousands_of_units_saar
PERMIT,2020-05,1251.0,thousands_of_units_saar
PERMIT,2020-06,1333.0,thousands_of_units_saar
PERMIT,2020-07,1539.0,thousands_of_units_saar
PERMIT,2020-08,1534.0,thousands_of_units_saar
PERMIT,2020-09,1650.0,thousands_of_units_saar
PERMIT,2020-10,1612.0,thousands_of_units_saar
PERMIT,2020-11,1692.0,thousands_of_units_saar
PERMIT,2020-12,1755.0,thousands_of_units_saar
PERMIT,2021-01,1856.0,thousands_of_units_saar
PERMIT,2021-02,1703.0,thousands_of_units_saar
PERMIT,2021-03,1756.0,thousands_of_units_saar
PERMIT,2021-04,1710.0,thousands_of_units_saar
PERMIT,2021-05,1705.0,thousands_of_units_saar
PERMIT,2021-06,1662.0,thousands_of_units_saar
PERMIT,2021-07,1666.0,thousands_of_units_saar
PERMIT,2021-08,1740.0,thousands_of_units_saar
PERMIT,2021-09,1649.0,thousands_of_units_saar
PERMIT,2021-10,1699.0,thousands_of_units_saar
PERMIT,2021-11,1770.0,thousands_of_units_saar
PERMIT,2021-12,1886.0,thousands_of_units_saar
PERMIT,2022-01,1923.0,thousands_of_units_saar
PERMIT,2022-02,1846.0,thousands_of_units_saar
PERMIT,2022-03,1899.0,thousands_of_units_saar
PERMIT,2022-04,1849.0,thousands_of_units_saar
PERMIT,2022-05,1711.0,thousands_of_units_saar
PERMIT,2022-06,1726.0,thousands_of_units_saar
PERMIT,2022-07,1707.0,thousands_of_units_saar
PERMIT,2022-08,1565.0,thousands_of_units_saar
PERMIT,2022-09,1586.0,thousands_of_units_saar
PERMIT,2022-10,1583.0,thousands_of_units_saar
PERMIT,2022-11,1424.0,thousands_of_units_saar
PERMIT,2022-12,1398.0,thousands_of_units_saar
PERMIT,2023-01,1418.0,thousands_of_units_saar
PERMIT,2023-02,1605.0,thousands_of_units_saar
PERMIT,2023-03,1472.0,thousands_of_units_saar
PERMIT,2023-04,1482.0,thousands_of_units_saar
PERMIT,2023-05,1579.0,thousands_of_units_saar
PERMIT,2023-06,1447.0,thousands_of_units_saar
PERMIT,2023-07,1530.0,thousands_of_units_saar
PERMIT,2023-08,1596.0,thousands_of_units_saar
PERMIT,2023-09,1530.0,thousands_of_units_saar
PERMIT,2023-10,1524.0,thousands_of_units_saar
PERMIT,2023-11,1513.0,thousands_of_units_saar
PERMIT,2023-12,1501.0,thousands_of_units_saar
PERMIT,2024-01,1548.0,thousands_of_units_saar
PERMIT,2024-02,1570.0,thousands_of_units_saar
PERMIT,2024-03,1477.0,thousands_of_units_saar
PERMIT,2024-04,1456.0,thousands_of_units_saar
PERMIT,2024-05,1405.0,thousands_of_units_saar
PERMIT,2024-06,1459.0,thousands_of_units_saar
PERMIT,2024-07,1448.0,thousands_of_units_saar
PERMIT,2024-08,1492.0,thousands_of_units_saar
PERMIT,2024-09,1421.0,thousands_of_units_saar
PERMIT,2024-10,1435.0,thousands_of_units_saar
PERMIT,2024-11,1512.0,thousands_of_units_saar
PERMIT,2024-12,1467.0,thousands_of_units_saar
PERMIT,2025-01,1463.0,thousands_of_units_saar
PERMIT,2025-02,1446.0,thousands_of_units_saar
PERMIT,2025-03,1492.0,thousands_of_units_saar
PERMIT,2025-04,1445.0,thousands_of_units_saar
PERMIT,2025-05,1416.0,thousands_of_units_saar
PERMIT,2025-06,1399.0,thousands_of_units_saar
PERMIT,2025-07,1400.0,thousands_of_units_saar
PERMIT,2025-08,1347.0,thousands_of_units_saar
PERMIT,2025-09,1444.0,thousands_of_units_saar
PERMIT,2025-10,1418.0,thousands_of_units_saar
PERMIT,2025-11,1414.0,thousands_of_units_saar
PERMIT,2025-12,1482.0,thousands_of_units_saar
